{
  "status": "eliminated",
  "seed_edge": [
    1,
    7
  ],
  "order": [
    [
      25,
      1,
      7
    ],
    [
      14,
      7,
      25
    ],
    [
      6,
      7,
      14
    ],
    [
      23,
      1,
      6
    ],
    [
      2,
      23,
      25
    ],
    [
      12,
      2,
      6
    ],
    [
      11,
      1,
      12
    ],
    [
      18,
      7,
      11
    ],
    [
      13,
      2,
      7
    ],
    [
      19,
      2,
      11
    ],
    [
      3,
      6,
      13
    ],
    [
      4,
      3,
      11
    ],
    [
      10,
      3,
      4
    ],
    [
      5,
      4,
      11
    ],
    [
      9,
      1,
      3
    ],
    [
      24,
      5,
      9
    ],
    [
      20,
      9,
      14
    ],
    [
      8,
      1,
      11
    ],
    [
      15,
      3,
      6
    ],
    [
      17,
      2,
      4
    ],
    [
      21,
      8,
      10
    ],
    [
      22,
      4,
      5
    ],
    [
      16,
      9,
      13
    ]
  ],
  "eliminated_at_step": 4,
  "max_width": 2,
  "eliminations": [
    {
      "step": 1,
      "vertex": 25,
      "anchors": [
        1,
        7
      ],
      "states_in": 1,
      "states_out": 2,
      "failures": [],
      "failure_count": 0
    },
    {
      "step": 2,
      "vertex": 14,
      "anchors": [
        7,
        25
      ],
      "states_in": 2,
      "states_out": 2,
      "failures": [
        {
          "state_index": 0,
          "vertex": 14,
          "anchors": [
            7,
            25
          ],
          "candidate": [
            "-7.143671195514218638848647176908380996574e-102",
            "0.0"
          ],
          "reason": "collision_14_1"
        },
        {
          "state_index": 1,
          "vertex": 14,
          "anchors": [
            7,
            25
          ],
          "candidate": [
            "-7.143671195514218638848647176908380996574e-102",
            "0.0"
          ],
          "reason": "collision_14_1"
        }
      ],
      "failure_count": 2
    },
    {
      "step": 3,
      "vertex": 6,
      "anchors": [
        7,
        14
      ],
      "states_in": 2,
      "states_out": 2,
      "failures": [
        {
          "state_index": 0,
          "vertex": 6,
          "anchors": [
            7,
            14
          ],
          "candidate": [
            "0.5",
            "0.8660254037844386467637231707529361834714"
          ],
          "reason": "collision_6_25"
        },
        {
          "state_index": 1,
          "vertex": 6,
          "anchors": [
            7,
            14
          ],
          "candidate": [
            "0.5",
            "-0.8660254037844386467637231707529361834714"
          ],
          "reason": "collision_6_25"
        }
      ],
      "failure_count": 2
    },
    {
      "step": 4,
      "vertex": 23,
      "anchors": [
        1,
        6
      ],
      "states_in": 2,
      "states_out": 0,
      "failures": [
        {
          "state_index": 0,
          "vertex": 23,
          "anchors": [
            1,
            6
          ],
          "candidate": [
            "1.0",
            "0.0"
          ],
          "reason": "collision_23_7"
        },
        {
          "state_index": 1,
          "vertex": 23,
          "anchors": [
            1,
            6
          ],
          "candidate": [
            "1.0",
            "0.0"
          ],
          "reason": "collision_23_7"
        }
      ],
      "failure_count": 2
    }
  ],
  "source": "class_0026_e81",
  "n": 25,
  "edge_count": 81,
  "precision_digits": 100,
  "tolerance": "1e-40",
  "interpretation": "eliminated means all finite trilateration branches from the reported seed edge failed; survived means a numerically valid branch remains and needs exact/interval verification."
}