{
  "status": "eliminated",
  "seed_edge": [
    1,
    2
  ],
  "order": [
    [
      15,
      1,
      2
    ],
    [
      19,
      1,
      2
    ],
    [
      11,
      2,
      19
    ],
    [
      17,
      11,
      15
    ],
    [
      7,
      11,
      17
    ],
    [
      24,
      1,
      7
    ],
    [
      13,
      7,
      15
    ],
    [
      25,
      17,
      19
    ],
    [
      3,
      1,
      24
    ],
    [
      16,
      3,
      15
    ],
    [
      21,
      3,
      11
    ],
    [
      5,
      16,
      19
    ],
    [
      10,
      2,
      5
    ],
    [
      6,
      3,
      13
    ],
    [
      14,
      5,
      6
    ],
    [
      4,
      2,
      6
    ],
    [
      8,
      5,
      13
    ],
    [
      20,
      2,
      4
    ],
    [
      12,
      4,
      20
    ],
    [
      23,
      1,
      5
    ],
    [
      22,
      6,
      17
    ],
    [
      9,
      1,
      7
    ],
    [
      18,
      3,
      8
    ]
  ],
  "eliminated_at_step": 4,
  "max_width": 2,
  "eliminations": [
    {
      "step": 1,
      "vertex": 15,
      "anchors": [
        1,
        2
      ],
      "states_in": 1,
      "states_out": 2,
      "failures": [],
      "failure_count": 0
    },
    {
      "step": 2,
      "vertex": 19,
      "anchors": [
        1,
        2
      ],
      "states_in": 2,
      "states_out": 2,
      "failures": [
        {
          "state_index": 0,
          "vertex": 19,
          "anchors": [
            1,
            2
          ],
          "candidate": [
            "0.5",
            "0.8660254037844386467637231707529361834714"
          ],
          "reason": "collision_19_15"
        },
        {
          "state_index": 1,
          "vertex": 19,
          "anchors": [
            1,
            2
          ],
          "candidate": [
            "0.5",
            "-0.8660254037844386467637231707529361834714"
          ],
          "reason": "collision_19_15"
        }
      ],
      "failure_count": 2
    },
    {
      "step": 3,
      "vertex": 11,
      "anchors": [
        2,
        19
      ],
      "states_in": 2,
      "states_out": 2,
      "failures": [
        {
          "state_index": 0,
          "vertex": 11,
          "anchors": [
            2,
            19
          ],
          "candidate": [
            "-7.143671195514218638848647176908380996574e-102",
            "0.0"
          ],
          "reason": "collision_11_1"
        },
        {
          "state_index": 1,
          "vertex": 11,
          "anchors": [
            2,
            19
          ],
          "candidate": [
            "-7.143671195514218638848647176908380996574e-102",
            "0.0"
          ],
          "reason": "collision_11_1"
        }
      ],
      "failure_count": 2
    },
    {
      "step": 4,
      "vertex": 17,
      "anchors": [
        11,
        15
      ],
      "states_in": 2,
      "states_out": 0,
      "failures": [
        {
          "state_index": 0,
          "vertex": 17,
          "anchors": [
            11,
            15
          ],
          "candidate": [
            "1.0",
            "0.0"
          ],
          "reason": "collision_17_2"
        },
        {
          "state_index": 1,
          "vertex": 17,
          "anchors": [
            11,
            15
          ],
          "candidate": [
            "1.0",
            "0.0"
          ],
          "reason": "collision_17_2"
        }
      ],
      "failure_count": 2
    }
  ],
  "source": "class_0159_e80",
  "n": 25,
  "edge_count": 80,
  "precision_digits": 100,
  "tolerance": "1e-40",
  "interpretation": "eliminated means all finite trilateration branches from the reported seed edge failed; survived means a numerically valid branch remains and needs exact/interval verification."
}