{
  "status": "eliminated",
  "seed_edge": [
    1,
    4
  ],
  "order": [
    [
      23,
      1,
      4
    ],
    [
      20,
      4,
      23
    ],
    [
      13,
      4,
      20
    ],
    [
      11,
      1,
      13
    ],
    [
      6,
      1,
      11
    ],
    [
      5,
      6,
      20
    ],
    [
      12,
      5,
      6
    ],
    [
      9,
      11,
      12
    ],
    [
      25,
      5,
      9
    ],
    [
      7,
      4,
      5
    ],
    [
      3,
      7,
      9
    ],
    [
      8,
      7,
      23
    ],
    [
      10,
      3,
      6
    ],
    [
      16,
      1,
      6
    ],
    [
      22,
      8,
      12
    ],
    [
      15,
      3,
      4
    ],
    [
      24,
      1,
      15
    ],
    [
      14,
      1,
      5
    ],
    [
      2,
      12,
      13
    ],
    [
      19,
      2,
      9
    ],
    [
      17,
      9,
      15
    ],
    [
      18,
      2,
      4
    ],
    [
      21,
      2,
      10
    ]
  ],
  "eliminated_at_step": 4,
  "max_width": 2,
  "eliminations": [
    {
      "step": 1,
      "vertex": 23,
      "anchors": [
        1,
        4
      ],
      "states_in": 1,
      "states_out": 2,
      "failures": [],
      "failure_count": 0
    },
    {
      "step": 2,
      "vertex": 20,
      "anchors": [
        4,
        23
      ],
      "states_in": 2,
      "states_out": 2,
      "failures": [
        {
          "state_index": 0,
          "vertex": 20,
          "anchors": [
            4,
            23
          ],
          "candidate": [
            "-7.143671195514218638848647176908380996574e-102",
            "0.0"
          ],
          "reason": "collision_20_1"
        },
        {
          "state_index": 1,
          "vertex": 20,
          "anchors": [
            4,
            23
          ],
          "candidate": [
            "-7.143671195514218638848647176908380996574e-102",
            "0.0"
          ],
          "reason": "collision_20_1"
        }
      ],
      "failure_count": 2
    },
    {
      "step": 3,
      "vertex": 13,
      "anchors": [
        4,
        20
      ],
      "states_in": 2,
      "states_out": 2,
      "failures": [
        {
          "state_index": 0,
          "vertex": 13,
          "anchors": [
            4,
            20
          ],
          "candidate": [
            "0.5",
            "0.8660254037844386467637231707529361834714"
          ],
          "reason": "collision_13_23"
        },
        {
          "state_index": 1,
          "vertex": 13,
          "anchors": [
            4,
            20
          ],
          "candidate": [
            "0.5",
            "-0.8660254037844386467637231707529361834714"
          ],
          "reason": "collision_13_23"
        }
      ],
      "failure_count": 2
    },
    {
      "step": 4,
      "vertex": 11,
      "anchors": [
        1,
        13
      ],
      "states_in": 2,
      "states_out": 0,
      "failures": [
        {
          "state_index": 0,
          "vertex": 11,
          "anchors": [
            1,
            13
          ],
          "candidate": [
            "1.0",
            "0.0"
          ],
          "reason": "collision_11_4"
        },
        {
          "state_index": 1,
          "vertex": 11,
          "anchors": [
            1,
            13
          ],
          "candidate": [
            "1.0",
            "0.0"
          ],
          "reason": "collision_11_4"
        }
      ],
      "failure_count": 2
    }
  ],
  "source": "class_0293_e80",
  "n": 25,
  "edge_count": 80,
  "precision_digits": 100,
  "tolerance": "1e-40",
  "interpretation": "eliminated means all finite trilateration branches from the reported seed edge failed; survived means a numerically valid branch remains and needs exact/interval verification."
}