{
  "status": "eliminated",
  "seed_edge": [
    1,
    14
  ],
  "order": [
    [
      17,
      1,
      14
    ],
    [
      7,
      14,
      17
    ],
    [
      22,
      1,
      14
    ],
    [
      25,
      1,
      22
    ],
    [
      4,
      17,
      25
    ],
    [
      5,
      4,
      7
    ],
    [
      3,
      4,
      5
    ],
    [
      2,
      5,
      22
    ],
    [
      6,
      1,
      2
    ],
    [
      9,
      5,
      6
    ],
    [
      15,
      4,
      9
    ],
    [
      24,
      3,
      9
    ],
    [
      11,
      1,
      3
    ],
    [
      12,
      2,
      7
    ],
    [
      18,
      2,
      11
    ],
    [
      16,
      9,
      11
    ],
    [
      20,
      2,
      4
    ],
    [
      10,
      12,
      20
    ],
    [
      8,
      7,
      10
    ],
    [
      13,
      4,
      6
    ],
    [
      21,
      9,
      13
    ],
    [
      23,
      3,
      8
    ],
    [
      19,
      1,
      6
    ]
  ],
  "eliminated_at_step": 5,
  "max_width": 2,
  "eliminations": [
    {
      "step": 1,
      "vertex": 17,
      "anchors": [
        1,
        14
      ],
      "states_in": 1,
      "states_out": 2,
      "failures": [],
      "failure_count": 0
    },
    {
      "step": 2,
      "vertex": 7,
      "anchors": [
        14,
        17
      ],
      "states_in": 2,
      "states_out": 2,
      "failures": [
        {
          "state_index": 0,
          "vertex": 7,
          "anchors": [
            14,
            17
          ],
          "candidate": [
            "-7.143671195514218638848647176908380996574e-102",
            "0.0"
          ],
          "reason": "collision_7_1"
        },
        {
          "state_index": 1,
          "vertex": 7,
          "anchors": [
            14,
            17
          ],
          "candidate": [
            "-7.143671195514218638848647176908380996574e-102",
            "0.0"
          ],
          "reason": "collision_7_1"
        }
      ],
      "failure_count": 2
    },
    {
      "step": 3,
      "vertex": 22,
      "anchors": [
        1,
        14
      ],
      "states_in": 2,
      "states_out": 2,
      "failures": [
        {
          "state_index": 0,
          "vertex": 22,
          "anchors": [
            1,
            14
          ],
          "candidate": [
            "0.5",
            "0.8660254037844386467637231707529361834714"
          ],
          "reason": "collision_22_17"
        },
        {
          "state_index": 1,
          "vertex": 22,
          "anchors": [
            1,
            14
          ],
          "candidate": [
            "0.5",
            "-0.8660254037844386467637231707529361834714"
          ],
          "reason": "collision_22_17"
        }
      ],
      "failure_count": 2
    },
    {
      "step": 4,
      "vertex": 25,
      "anchors": [
        1,
        22
      ],
      "states_in": 2,
      "states_out": 2,
      "failures": [
        {
          "state_index": 0,
          "vertex": 25,
          "anchors": [
            1,
            22
          ],
          "candidate": [
            "1.0",
            "0.0"
          ],
          "reason": "collision_25_14"
        },
        {
          "state_index": 1,
          "vertex": 25,
          "anchors": [
            1,
            22
          ],
          "candidate": [
            "1.0",
            "0.0"
          ],
          "reason": "collision_25_14"
        }
      ],
      "failure_count": 2
    },
    {
      "step": 5,
      "vertex": 4,
      "anchors": [
        17,
        25
      ],
      "states_in": 2,
      "states_out": 0,
      "failures": [
        {
          "state_index": 0,
          "vertex": 4,
          "anchors": [
            17,
            25
          ],
          "candidate": [
            "-3.571835597757109319424323588454190498287e-102",
            "0.0"
          ],
          "reason": "collision_4_1"
        },
        {
          "state_index": 1,
          "vertex": 4,
          "anchors": [
            17,
            25
          ],
          "candidate": [
            "-3.571835597757109319424323588454190498287e-102",
            "0.0"
          ],
          "reason": "collision_4_1"
        }
      ],
      "failure_count": 2
    }
  ],
  "source": "class_0117_e80",
  "n": 25,
  "edge_count": 80,
  "precision_digits": 100,
  "tolerance": "1e-40",
  "interpretation": "eliminated means all finite trilateration branches from the reported seed edge failed; survived means a numerically valid branch remains and needs exact/interval verification."
}