{
  "status": "eliminated",
  "seed_edge": [
    1,
    5
  ],
  "order": [
    [
      18,
      1,
      5
    ],
    [
      20,
      5,
      18
    ],
    [
      24,
      1,
      5
    ],
    [
      13,
      20,
      24
    ],
    [
      2,
      1,
      13
    ],
    [
      6,
      13,
      24
    ],
    [
      9,
      2,
      6
    ],
    [
      16,
      6,
      13
    ],
    [
      3,
      1,
      6
    ],
    [
      15,
      2,
      5
    ],
    [
      22,
      2,
      3
    ],
    [
      17,
      13,
      18
    ],
    [
      7,
      1,
      3
    ],
    [
      11,
      6,
      7
    ],
    [
      4,
      5,
      7
    ],
    [
      19,
      4,
      7
    ],
    [
      12,
      7,
      9
    ],
    [
      8,
      12,
      17
    ],
    [
      21,
      3,
      8
    ],
    [
      23,
      4,
      8
    ],
    [
      25,
      6,
      9
    ],
    [
      10,
      7,
      13
    ],
    [
      14,
      2,
      10
    ]
  ],
  "eliminated_at_step": 4,
  "max_width": 2,
  "eliminations": [
    {
      "step": 1,
      "vertex": 18,
      "anchors": [
        1,
        5
      ],
      "states_in": 1,
      "states_out": 2,
      "failures": [],
      "failure_count": 0
    },
    {
      "step": 2,
      "vertex": 20,
      "anchors": [
        5,
        18
      ],
      "states_in": 2,
      "states_out": 2,
      "failures": [
        {
          "state_index": 0,
          "vertex": 20,
          "anchors": [
            5,
            18
          ],
          "candidate": [
            "-7.143671195514218638848647176908380996574e-102",
            "0.0"
          ],
          "reason": "collision_20_1"
        },
        {
          "state_index": 1,
          "vertex": 20,
          "anchors": [
            5,
            18
          ],
          "candidate": [
            "-7.143671195514218638848647176908380996574e-102",
            "0.0"
          ],
          "reason": "collision_20_1"
        }
      ],
      "failure_count": 2
    },
    {
      "step": 3,
      "vertex": 24,
      "anchors": [
        1,
        5
      ],
      "states_in": 2,
      "states_out": 2,
      "failures": [
        {
          "state_index": 0,
          "vertex": 24,
          "anchors": [
            1,
            5
          ],
          "candidate": [
            "0.5",
            "0.8660254037844386467637231707529361834714"
          ],
          "reason": "collision_24_18"
        },
        {
          "state_index": 1,
          "vertex": 24,
          "anchors": [
            1,
            5
          ],
          "candidate": [
            "0.5",
            "-0.8660254037844386467637231707529361834714"
          ],
          "reason": "collision_24_18"
        }
      ],
      "failure_count": 2
    },
    {
      "step": 4,
      "vertex": 13,
      "anchors": [
        20,
        24
      ],
      "states_in": 2,
      "states_out": 0,
      "failures": [
        {
          "state_index": 0,
          "vertex": 13,
          "anchors": [
            20,
            24
          ],
          "candidate": [
            "1.0",
            "0.0"
          ],
          "reason": "collision_13_5"
        },
        {
          "state_index": 1,
          "vertex": 13,
          "anchors": [
            20,
            24
          ],
          "candidate": [
            "1.0",
            "0.0"
          ],
          "reason": "collision_13_5"
        }
      ],
      "failure_count": 2
    }
  ],
  "source": "class_0242_e80",
  "n": 25,
  "edge_count": 80,
  "precision_digits": 100,
  "tolerance": "1e-40",
  "interpretation": "eliminated means all finite trilateration branches from the reported seed edge failed; survived means a numerically valid branch remains and needs exact/interval verification."
}