{
  "status": "eliminated",
  "seed_edge": [
    1,
    7
  ],
  "order": [
    [
      21,
      1,
      7
    ],
    [
      10,
      7,
      21
    ],
    [
      4,
      7,
      10
    ],
    [
      9,
      1,
      4
    ],
    [
      18,
      1,
      9
    ],
    [
      2,
      18,
      21
    ],
    [
      22,
      2,
      10
    ],
    [
      3,
      2,
      21
    ],
    [
      17,
      3,
      10
    ],
    [
      5,
      10,
      17
    ],
    [
      11,
      3,
      7
    ],
    [
      13,
      2,
      3
    ],
    [
      15,
      5,
      9
    ],
    [
      6,
      1,
      11
    ],
    [
      19,
      2,
      4
    ],
    [
      20,
      4,
      9
    ],
    [
      24,
      1,
      17
    ],
    [
      12,
      5,
      7
    ],
    [
      8,
      2,
      4
    ],
    [
      16,
      3,
      8
    ],
    [
      23,
      5,
      12
    ],
    [
      25,
      6,
      8
    ],
    [
      14,
      9,
      15
    ]
  ],
  "eliminated_at_step": 4,
  "max_width": 2,
  "eliminations": [
    {
      "step": 1,
      "vertex": 21,
      "anchors": [
        1,
        7
      ],
      "states_in": 1,
      "states_out": 2,
      "failures": [],
      "failure_count": 0
    },
    {
      "step": 2,
      "vertex": 10,
      "anchors": [
        7,
        21
      ],
      "states_in": 2,
      "states_out": 2,
      "failures": [
        {
          "state_index": 0,
          "vertex": 10,
          "anchors": [
            7,
            21
          ],
          "candidate": [
            "-7.143671195514218638848647176908380996574e-102",
            "0.0"
          ],
          "reason": "collision_10_1"
        },
        {
          "state_index": 1,
          "vertex": 10,
          "anchors": [
            7,
            21
          ],
          "candidate": [
            "-7.143671195514218638848647176908380996574e-102",
            "0.0"
          ],
          "reason": "collision_10_1"
        }
      ],
      "failure_count": 2
    },
    {
      "step": 3,
      "vertex": 4,
      "anchors": [
        7,
        10
      ],
      "states_in": 2,
      "states_out": 2,
      "failures": [
        {
          "state_index": 0,
          "vertex": 4,
          "anchors": [
            7,
            10
          ],
          "candidate": [
            "0.5",
            "0.8660254037844386467637231707529361834714"
          ],
          "reason": "collision_4_21"
        },
        {
          "state_index": 1,
          "vertex": 4,
          "anchors": [
            7,
            10
          ],
          "candidate": [
            "0.5",
            "-0.8660254037844386467637231707529361834714"
          ],
          "reason": "collision_4_21"
        }
      ],
      "failure_count": 2
    },
    {
      "step": 4,
      "vertex": 9,
      "anchors": [
        1,
        4
      ],
      "states_in": 2,
      "states_out": 0,
      "failures": [
        {
          "state_index": 0,
          "vertex": 9,
          "anchors": [
            1,
            4
          ],
          "candidate": [
            "1.0",
            "0.0"
          ],
          "reason": "collision_9_7"
        },
        {
          "state_index": 1,
          "vertex": 9,
          "anchors": [
            1,
            4
          ],
          "candidate": [
            "1.0",
            "0.0"
          ],
          "reason": "collision_9_7"
        }
      ],
      "failure_count": 2
    }
  ],
  "source": "class_0414_e79",
  "n": 25,
  "edge_count": 79,
  "precision_digits": 100,
  "tolerance": "1e-40",
  "interpretation": "eliminated means all finite trilateration branches from the reported seed edge failed; survived means a numerically valid branch remains and needs exact/interval verification."
}