{
  "status": "eliminated",
  "seed_edge": [
    1,
    2
  ],
  "order": [
    [
      17,
      1,
      2
    ],
    [
      20,
      2,
      17
    ],
    [
      14,
      2,
      20
    ],
    [
      15,
      1,
      14
    ],
    [
      9,
      1,
      15
    ],
    [
      4,
      1,
      9
    ],
    [
      24,
      4,
      17
    ],
    [
      16,
      15,
      17
    ],
    [
      18,
      9,
      16
    ],
    [
      3,
      4,
      9
    ],
    [
      5,
      3,
      18
    ],
    [
      11,
      5,
      14
    ],
    [
      13,
      5,
      11
    ],
    [
      23,
      1,
      2
    ],
    [
      8,
      3,
      16
    ],
    [
      21,
      8,
      9
    ],
    [
      7,
      8,
      14
    ],
    [
      10,
      4,
      5
    ],
    [
      25,
      2,
      4
    ],
    [
      6,
      2,
      7
    ],
    [
      12,
      6,
      7
    ],
    [
      19,
      4,
      12
    ],
    [
      22,
      3,
      7
    ]
  ],
  "eliminated_at_step": 4,
  "max_width": 2,
  "eliminations": [
    {
      "step": 1,
      "vertex": 17,
      "anchors": [
        1,
        2
      ],
      "states_in": 1,
      "states_out": 2,
      "failures": [],
      "failure_count": 0
    },
    {
      "step": 2,
      "vertex": 20,
      "anchors": [
        2,
        17
      ],
      "states_in": 2,
      "states_out": 2,
      "failures": [
        {
          "state_index": 0,
          "vertex": 20,
          "anchors": [
            2,
            17
          ],
          "candidate": [
            "-7.143671195514218638848647176908380996574e-102",
            "0.0"
          ],
          "reason": "collision_20_1"
        },
        {
          "state_index": 1,
          "vertex": 20,
          "anchors": [
            2,
            17
          ],
          "candidate": [
            "-7.143671195514218638848647176908380996574e-102",
            "0.0"
          ],
          "reason": "collision_20_1"
        }
      ],
      "failure_count": 2
    },
    {
      "step": 3,
      "vertex": 14,
      "anchors": [
        2,
        20
      ],
      "states_in": 2,
      "states_out": 2,
      "failures": [
        {
          "state_index": 0,
          "vertex": 14,
          "anchors": [
            2,
            20
          ],
          "candidate": [
            "0.5",
            "0.8660254037844386467637231707529361834714"
          ],
          "reason": "collision_14_17"
        },
        {
          "state_index": 1,
          "vertex": 14,
          "anchors": [
            2,
            20
          ],
          "candidate": [
            "0.5",
            "-0.8660254037844386467637231707529361834714"
          ],
          "reason": "collision_14_17"
        }
      ],
      "failure_count": 2
    },
    {
      "step": 4,
      "vertex": 15,
      "anchors": [
        1,
        14
      ],
      "states_in": 2,
      "states_out": 0,
      "failures": [
        {
          "state_index": 0,
          "vertex": 15,
          "anchors": [
            1,
            14
          ],
          "candidate": [
            "1.0",
            "0.0"
          ],
          "reason": "collision_15_2"
        },
        {
          "state_index": 1,
          "vertex": 15,
          "anchors": [
            1,
            14
          ],
          "candidate": [
            "1.0",
            "0.0"
          ],
          "reason": "collision_15_2"
        }
      ],
      "failure_count": 2
    }
  ],
  "source": "class_0390_e79",
  "n": 25,
  "edge_count": 79,
  "precision_digits": 100,
  "tolerance": "1e-40",
  "interpretation": "eliminated means all finite trilateration branches from the reported seed edge failed; survived means a numerically valid branch remains and needs exact/interval verification."
}