{
  "status": "eliminated",
  "seed_edge": [
    2,
    4
  ],
  "order": [
    [
      8,
      2,
      4
    ],
    [
      23,
      4,
      8
    ],
    [
      21,
      4,
      23
    ],
    [
      15,
      2,
      21
    ],
    [
      3,
      15,
      23
    ],
    [
      1,
      3,
      4
    ],
    [
      14,
      1,
      15
    ],
    [
      25,
      1,
      2
    ],
    [
      16,
      14,
      21
    ],
    [
      5,
      16,
      21
    ],
    [
      7,
      2,
      5
    ],
    [
      6,
      1,
      4
    ],
    [
      11,
      5,
      6
    ],
    [
      24,
      6,
      7
    ],
    [
      13,
      6,
      23
    ],
    [
      9,
      3,
      11
    ],
    [
      10,
      8,
      9
    ],
    [
      12,
      4,
      6
    ],
    [
      19,
      3,
      7
    ],
    [
      17,
      2,
      12
    ],
    [
      20,
      1,
      5
    ],
    [
      22,
      5,
      10
    ],
    [
      18,
      7,
      10
    ]
  ],
  "eliminated_at_step": 4,
  "max_width": 2,
  "eliminations": [
    {
      "step": 1,
      "vertex": 8,
      "anchors": [
        2,
        4
      ],
      "states_in": 1,
      "states_out": 2,
      "failures": [],
      "failure_count": 0
    },
    {
      "step": 2,
      "vertex": 23,
      "anchors": [
        4,
        8
      ],
      "states_in": 2,
      "states_out": 2,
      "failures": [
        {
          "state_index": 0,
          "vertex": 23,
          "anchors": [
            4,
            8
          ],
          "candidate": [
            "-7.143671195514218638848647176908380996574e-102",
            "0.0"
          ],
          "reason": "collision_23_2"
        },
        {
          "state_index": 1,
          "vertex": 23,
          "anchors": [
            4,
            8
          ],
          "candidate": [
            "-7.143671195514218638848647176908380996574e-102",
            "0.0"
          ],
          "reason": "collision_23_2"
        }
      ],
      "failure_count": 2
    },
    {
      "step": 3,
      "vertex": 21,
      "anchors": [
        4,
        23
      ],
      "states_in": 2,
      "states_out": 2,
      "failures": [
        {
          "state_index": 0,
          "vertex": 21,
          "anchors": [
            4,
            23
          ],
          "candidate": [
            "0.5",
            "0.8660254037844386467637231707529361834714"
          ],
          "reason": "collision_21_8"
        },
        {
          "state_index": 1,
          "vertex": 21,
          "anchors": [
            4,
            23
          ],
          "candidate": [
            "0.5",
            "-0.8660254037844386467637231707529361834714"
          ],
          "reason": "collision_21_8"
        }
      ],
      "failure_count": 2
    },
    {
      "step": 4,
      "vertex": 15,
      "anchors": [
        2,
        21
      ],
      "states_in": 2,
      "states_out": 0,
      "failures": [
        {
          "state_index": 0,
          "vertex": 15,
          "anchors": [
            2,
            21
          ],
          "candidate": [
            "1.0",
            "0.0"
          ],
          "reason": "collision_15_4"
        },
        {
          "state_index": 1,
          "vertex": 15,
          "anchors": [
            2,
            21
          ],
          "candidate": [
            "1.0",
            "0.0"
          ],
          "reason": "collision_15_4"
        }
      ],
      "failure_count": 2
    }
  ],
  "source": "class_0477_e79",
  "n": 25,
  "edge_count": 79,
  "precision_digits": 100,
  "tolerance": "1e-40",
  "interpretation": "eliminated means all finite trilateration branches from the reported seed edge failed; survived means a numerically valid branch remains and needs exact/interval verification."
}