{
  "status": "eliminated",
  "seed_edge": [
    1,
    6
  ],
  "order": [
    [
      12,
      1,
      6
    ],
    [
      15,
      1,
      6
    ],
    [
      21,
      6,
      15
    ],
    [
      2,
      12,
      21
    ],
    [
      4,
      2,
      12
    ],
    [
      8,
      4,
      12
    ],
    [
      19,
      4,
      8
    ],
    [
      11,
      4,
      15
    ],
    [
      25,
      8,
      15
    ],
    [
      14,
      11,
      12
    ],
    [
      3,
      1,
      11
    ],
    [
      5,
      2,
      3
    ],
    [
      16,
      2,
      3
    ],
    [
      7,
      6,
      14
    ],
    [
      17,
      1,
      5
    ],
    [
      22,
      3,
      8
    ],
    [
      9,
      1,
      17
    ],
    [
      24,
      2,
      7
    ],
    [
      13,
      6,
      7
    ],
    [
      10,
      5,
      13
    ],
    [
      20,
      9,
      10
    ],
    [
      18,
      4,
      10
    ],
    [
      23,
      1,
      3
    ]
  ],
  "eliminated_at_step": 4,
  "max_width": 2,
  "eliminations": [
    {
      "step": 1,
      "vertex": 12,
      "anchors": [
        1,
        6
      ],
      "states_in": 1,
      "states_out": 2,
      "failures": [],
      "failure_count": 0
    },
    {
      "step": 2,
      "vertex": 15,
      "anchors": [
        1,
        6
      ],
      "states_in": 2,
      "states_out": 2,
      "failures": [
        {
          "state_index": 0,
          "vertex": 15,
          "anchors": [
            1,
            6
          ],
          "candidate": [
            "0.5",
            "0.8660254037844386467637231707529361834714"
          ],
          "reason": "collision_15_12"
        },
        {
          "state_index": 1,
          "vertex": 15,
          "anchors": [
            1,
            6
          ],
          "candidate": [
            "0.5",
            "-0.8660254037844386467637231707529361834714"
          ],
          "reason": "collision_15_12"
        }
      ],
      "failure_count": 2
    },
    {
      "step": 3,
      "vertex": 21,
      "anchors": [
        6,
        15
      ],
      "states_in": 2,
      "states_out": 2,
      "failures": [
        {
          "state_index": 0,
          "vertex": 21,
          "anchors": [
            6,
            15
          ],
          "candidate": [
            "-7.143671195514218638848647176908380996574e-102",
            "0.0"
          ],
          "reason": "collision_21_1"
        },
        {
          "state_index": 1,
          "vertex": 21,
          "anchors": [
            6,
            15
          ],
          "candidate": [
            "-7.143671195514218638848647176908380996574e-102",
            "0.0"
          ],
          "reason": "collision_21_1"
        }
      ],
      "failure_count": 2
    },
    {
      "step": 4,
      "vertex": 2,
      "anchors": [
        12,
        21
      ],
      "states_in": 2,
      "states_out": 0,
      "failures": [
        {
          "state_index": 0,
          "vertex": 2,
          "anchors": [
            12,
            21
          ],
          "candidate": [
            "1.0",
            "0.0"
          ],
          "reason": "collision_2_6"
        },
        {
          "state_index": 1,
          "vertex": 2,
          "anchors": [
            12,
            21
          ],
          "candidate": [
            "1.0",
            "0.0"
          ],
          "reason": "collision_2_6"
        }
      ],
      "failure_count": 2
    }
  ],
  "source": "class_0092_e80",
  "n": 25,
  "edge_count": 80,
  "precision_digits": 100,
  "tolerance": "1e-40",
  "interpretation": "eliminated means all finite trilateration branches from the reported seed edge failed; survived means a numerically valid branch remains and needs exact/interval verification."
}