{
  "status": "eliminated",
  "seed_edge": [
    1,
    11
  ],
  "order": [
    [
      23,
      1,
      11
    ],
    [
      14,
      11,
      23
    ],
    [
      3,
      11,
      14
    ],
    [
      9,
      14,
      23
    ],
    [
      8,
      9,
      23
    ],
    [
      15,
      1,
      3
    ],
    [
      5,
      8,
      11
    ],
    [
      19,
      1,
      5
    ],
    [
      4,
      5,
      9
    ],
    [
      18,
      3,
      4
    ],
    [
      16,
      1,
      18
    ],
    [
      2,
      4,
      14
    ],
    [
      21,
      2,
      3
    ],
    [
      22,
      2,
      8
    ],
    [
      6,
      2,
      5
    ],
    [
      17,
      5,
      6
    ],
    [
      7,
      14,
      15
    ],
    [
      10,
      7,
      9
    ],
    [
      24,
      2,
      6
    ],
    [
      25,
      6,
      7
    ],
    [
      20,
      4,
      7
    ],
    [
      12,
      5,
      10
    ],
    [
      13,
      1,
      12
    ]
  ],
  "eliminated_at_step": 6,
  "max_width": 2,
  "eliminations": [
    {
      "step": 1,
      "vertex": 23,
      "anchors": [
        1,
        11
      ],
      "states_in": 1,
      "states_out": 2,
      "failures": [],
      "failure_count": 0
    },
    {
      "step": 2,
      "vertex": 14,
      "anchors": [
        11,
        23
      ],
      "states_in": 2,
      "states_out": 2,
      "failures": [
        {
          "state_index": 0,
          "vertex": 14,
          "anchors": [
            11,
            23
          ],
          "candidate": [
            "-7.143671195514218638848647176908380996574e-102",
            "0.0"
          ],
          "reason": "collision_14_1"
        },
        {
          "state_index": 1,
          "vertex": 14,
          "anchors": [
            11,
            23
          ],
          "candidate": [
            "-7.143671195514218638848647176908380996574e-102",
            "0.0"
          ],
          "reason": "collision_14_1"
        }
      ],
      "failure_count": 2
    },
    {
      "step": 3,
      "vertex": 3,
      "anchors": [
        11,
        14
      ],
      "states_in": 2,
      "states_out": 2,
      "failures": [
        {
          "state_index": 0,
          "vertex": 3,
          "anchors": [
            11,
            14
          ],
          "candidate": [
            "0.5",
            "0.8660254037844386467637231707529361834714"
          ],
          "reason": "collision_3_23"
        },
        {
          "state_index": 1,
          "vertex": 3,
          "anchors": [
            11,
            14
          ],
          "candidate": [
            "0.5",
            "-0.8660254037844386467637231707529361834714"
          ],
          "reason": "collision_3_23"
        }
      ],
      "failure_count": 2
    },
    {
      "step": 4,
      "vertex": 9,
      "anchors": [
        14,
        23
      ],
      "states_in": 2,
      "states_out": 2,
      "failures": [
        {
          "state_index": 0,
          "vertex": 9,
          "anchors": [
            14,
            23
          ],
          "candidate": [
            "1.0",
            "0.0"
          ],
          "reason": "collision_9_11"
        },
        {
          "state_index": 1,
          "vertex": 9,
          "anchors": [
            14,
            23
          ],
          "candidate": [
            "1.0",
            "0.0"
          ],
          "reason": "collision_9_11"
        }
      ],
      "failure_count": 2
    },
    {
      "step": 5,
      "vertex": 8,
      "anchors": [
        9,
        23
      ],
      "states_in": 2,
      "states_out": 2,
      "failures": [
        {
          "state_index": 0,
          "vertex": 8,
          "anchors": [
            9,
            23
          ],
          "candidate": [
            "1.5",
            "0.8660254037844386467637231707529361834714"
          ],
          "reason": "collision_8_14"
        },
        {
          "state_index": 1,
          "vertex": 8,
          "anchors": [
            9,
            23
          ],
          "candidate": [
            "1.5",
            "-0.8660254037844386467637231707529361834714"
          ],
          "reason": "collision_8_14"
        }
      ],
      "failure_count": 2
    },
    {
      "step": 6,
      "vertex": 15,
      "anchors": [
        1,
        3
      ],
      "states_in": 2,
      "states_out": 0,
      "failures": [
        {
          "state_index": 0,
          "vertex": 15,
          "anchors": [
            1,
            3
          ],
          "candidate": [
            "1.0",
            "0.0"
          ],
          "reason": "edge_15_8_error_3.0"
        },
        {
          "state_index": 1,
          "vertex": 15,
          "anchors": [
            1,
            3
          ],
          "candidate": [
            "1.0",
            "0.0"
          ],
          "reason": "edge_15_8_error_3.0"
        }
      ],
      "failure_count": 2
    }
  ],
  "source": "class_0450_e79",
  "n": 25,
  "edge_count": 79,
  "precision_digits": 100,
  "tolerance": "1e-40",
  "interpretation": "eliminated means all finite trilateration branches from the reported seed edge failed; survived means a numerically valid branch remains and needs exact/interval verification."
}