{
  "status": "eliminated",
  "seed_edge": [
    1,
    3
  ],
  "order": [
    [
      18,
      1,
      3
    ],
    [
      10,
      3,
      18
    ],
    [
      23,
      3,
      10
    ],
    [
      13,
      1,
      23
    ],
    [
      4,
      13,
      23
    ],
    [
      6,
      3,
      4
    ],
    [
      8,
      4,
      6
    ],
    [
      25,
      4,
      6
    ],
    [
      15,
      1,
      4
    ],
    [
      21,
      1,
      13
    ],
    [
      16,
      3,
      6
    ],
    [
      14,
      16,
      18
    ],
    [
      17,
      4,
      14
    ],
    [
      5,
      14,
      15
    ],
    [
      7,
      5,
      15
    ],
    [
      19,
      7,
      8
    ],
    [
      9,
      1,
      6
    ],
    [
      11,
      4,
      9
    ],
    [
      20,
      7,
      10
    ],
    [
      22,
      1,
      8
    ],
    [
      2,
      9,
      11
    ],
    [
      12,
      2,
      5
    ],
    [
      24,
      2,
      3
    ]
  ],
  "eliminated_at_step": 4,
  "max_width": 2,
  "eliminations": [
    {
      "step": 1,
      "vertex": 18,
      "anchors": [
        1,
        3
      ],
      "states_in": 1,
      "states_out": 2,
      "failures": [],
      "failure_count": 0
    },
    {
      "step": 2,
      "vertex": 10,
      "anchors": [
        3,
        18
      ],
      "states_in": 2,
      "states_out": 2,
      "failures": [
        {
          "state_index": 0,
          "vertex": 10,
          "anchors": [
            3,
            18
          ],
          "candidate": [
            "-7.143671195514218638848647176908380996574e-102",
            "0.0"
          ],
          "reason": "collision_10_1"
        },
        {
          "state_index": 1,
          "vertex": 10,
          "anchors": [
            3,
            18
          ],
          "candidate": [
            "-7.143671195514218638848647176908380996574e-102",
            "0.0"
          ],
          "reason": "collision_10_1"
        }
      ],
      "failure_count": 2
    },
    {
      "step": 3,
      "vertex": 23,
      "anchors": [
        3,
        10
      ],
      "states_in": 2,
      "states_out": 2,
      "failures": [
        {
          "state_index": 0,
          "vertex": 23,
          "anchors": [
            3,
            10
          ],
          "candidate": [
            "0.5",
            "0.8660254037844386467637231707529361834714"
          ],
          "reason": "collision_23_18"
        },
        {
          "state_index": 1,
          "vertex": 23,
          "anchors": [
            3,
            10
          ],
          "candidate": [
            "0.5",
            "-0.8660254037844386467637231707529361834714"
          ],
          "reason": "collision_23_18"
        }
      ],
      "failure_count": 2
    },
    {
      "step": 4,
      "vertex": 13,
      "anchors": [
        1,
        23
      ],
      "states_in": 2,
      "states_out": 0,
      "failures": [
        {
          "state_index": 0,
          "vertex": 13,
          "anchors": [
            1,
            23
          ],
          "candidate": [
            "1.0",
            "0.0"
          ],
          "reason": "collision_13_3"
        },
        {
          "state_index": 1,
          "vertex": 13,
          "anchors": [
            1,
            23
          ],
          "candidate": [
            "1.0",
            "0.0"
          ],
          "reason": "collision_13_3"
        }
      ],
      "failure_count": 2
    }
  ],
  "source": "class_0451_e79",
  "n": 25,
  "edge_count": 79,
  "precision_digits": 100,
  "tolerance": "1e-40",
  "interpretation": "eliminated means all finite trilateration branches from the reported seed edge failed; survived means a numerically valid branch remains and needs exact/interval verification."
}