{
  "status": "eliminated",
  "seed_edge": [
    1,
    5
  ],
  "order": [
    [
      8,
      1,
      5
    ],
    [
      24,
      5,
      8
    ],
    [
      20,
      5,
      24
    ],
    [
      11,
      20,
      24
    ],
    [
      16,
      1,
      11
    ],
    [
      7,
      5,
      16
    ],
    [
      25,
      7,
      11
    ],
    [
      10,
      7,
      8
    ],
    [
      13,
      1,
      10
    ],
    [
      6,
      10,
      13
    ],
    [
      9,
      6,
      11
    ],
    [
      3,
      6,
      7
    ],
    [
      12,
      6,
      10
    ],
    [
      22,
      1,
      6
    ],
    [
      23,
      3,
      7
    ],
    [
      15,
      5,
      9
    ],
    [
      17,
      1,
      3
    ],
    [
      18,
      8,
      9
    ],
    [
      19,
      8,
      17
    ],
    [
      21,
      1,
      11
    ],
    [
      4,
      17,
      19
    ],
    [
      14,
      3,
      4
    ],
    [
      2,
      4,
      5
    ]
  ],
  "eliminated_at_step": 5,
  "max_width": 2,
  "eliminations": [
    {
      "step": 1,
      "vertex": 8,
      "anchors": [
        1,
        5
      ],
      "states_in": 1,
      "states_out": 2,
      "failures": [],
      "failure_count": 0
    },
    {
      "step": 2,
      "vertex": 24,
      "anchors": [
        5,
        8
      ],
      "states_in": 2,
      "states_out": 2,
      "failures": [
        {
          "state_index": 0,
          "vertex": 24,
          "anchors": [
            5,
            8
          ],
          "candidate": [
            "-7.143671195514218638848647176908380996574e-102",
            "0.0"
          ],
          "reason": "collision_24_1"
        },
        {
          "state_index": 1,
          "vertex": 24,
          "anchors": [
            5,
            8
          ],
          "candidate": [
            "-7.143671195514218638848647176908380996574e-102",
            "0.0"
          ],
          "reason": "collision_24_1"
        }
      ],
      "failure_count": 2
    },
    {
      "step": 3,
      "vertex": 20,
      "anchors": [
        5,
        24
      ],
      "states_in": 2,
      "states_out": 2,
      "failures": [
        {
          "state_index": 0,
          "vertex": 20,
          "anchors": [
            5,
            24
          ],
          "candidate": [
            "0.5",
            "0.8660254037844386467637231707529361834714"
          ],
          "reason": "collision_20_8"
        },
        {
          "state_index": 1,
          "vertex": 20,
          "anchors": [
            5,
            24
          ],
          "candidate": [
            "0.5",
            "-0.8660254037844386467637231707529361834714"
          ],
          "reason": "collision_20_8"
        }
      ],
      "failure_count": 2
    },
    {
      "step": 4,
      "vertex": 11,
      "anchors": [
        20,
        24
      ],
      "states_in": 2,
      "states_out": 2,
      "failures": [
        {
          "state_index": 0,
          "vertex": 11,
          "anchors": [
            20,
            24
          ],
          "candidate": [
            "1.0",
            "0.0"
          ],
          "reason": "collision_11_5"
        },
        {
          "state_index": 1,
          "vertex": 11,
          "anchors": [
            20,
            24
          ],
          "candidate": [
            "1.0",
            "0.0"
          ],
          "reason": "collision_11_5"
        }
      ],
      "failure_count": 2
    },
    {
      "step": 5,
      "vertex": 16,
      "anchors": [
        1,
        11
      ],
      "states_in": 2,
      "states_out": 0,
      "failures": [
        {
          "state_index": 0,
          "vertex": 16,
          "anchors": [
            1,
            11
          ],
          "reason": "anchor_circles_do_not_intersect"
        },
        {
          "state_index": 1,
          "vertex": 16,
          "anchors": [
            1,
            11
          ],
          "reason": "anchor_circles_do_not_intersect"
        }
      ],
      "failure_count": 2
    }
  ],
  "source": "class_0358_e79",
  "n": 25,
  "edge_count": 79,
  "precision_digits": 100,
  "tolerance": "1e-40",
  "interpretation": "eliminated means all finite trilateration branches from the reported seed edge failed; survived means a numerically valid branch remains and needs exact/interval verification."
}