{
  "status": "eliminated",
  "seed_edge": [
    1,
    4
  ],
  "order": [
    [
      10,
      1,
      4
    ],
    [
      21,
      4,
      10
    ],
    [
      9,
      4,
      21
    ],
    [
      8,
      9,
      21
    ],
    [
      3,
      8,
      10
    ],
    [
      12,
      3,
      9
    ],
    [
      20,
      3,
      10
    ],
    [
      22,
      1,
      8
    ],
    [
      5,
      20,
      21
    ],
    [
      15,
      9,
      20
    ],
    [
      16,
      4,
      15
    ],
    [
      6,
      4,
      12
    ],
    [
      7,
      4,
      6
    ],
    [
      18,
      1,
      7
    ],
    [
      24,
      3,
      5
    ],
    [
      13,
      9,
      15
    ],
    [
      17,
      3,
      10
    ],
    [
      19,
      5,
      9
    ],
    [
      2,
      4,
      5
    ],
    [
      25,
      2,
      3
    ],
    [
      23,
      15,
      16
    ],
    [
      11,
      1,
      6
    ],
    [
      14,
      1,
      2
    ]
  ],
  "eliminated_at_step": 5,
  "max_width": 2,
  "eliminations": [
    {
      "step": 1,
      "vertex": 10,
      "anchors": [
        1,
        4
      ],
      "states_in": 1,
      "states_out": 2,
      "failures": [],
      "failure_count": 0
    },
    {
      "step": 2,
      "vertex": 21,
      "anchors": [
        4,
        10
      ],
      "states_in": 2,
      "states_out": 2,
      "failures": [
        {
          "state_index": 0,
          "vertex": 21,
          "anchors": [
            4,
            10
          ],
          "candidate": [
            "-7.143671195514218638848647176908380996574e-102",
            "0.0"
          ],
          "reason": "collision_21_1"
        },
        {
          "state_index": 1,
          "vertex": 21,
          "anchors": [
            4,
            10
          ],
          "candidate": [
            "-7.143671195514218638848647176908380996574e-102",
            "0.0"
          ],
          "reason": "collision_21_1"
        }
      ],
      "failure_count": 2
    },
    {
      "step": 3,
      "vertex": 9,
      "anchors": [
        4,
        21
      ],
      "states_in": 2,
      "states_out": 2,
      "failures": [
        {
          "state_index": 0,
          "vertex": 9,
          "anchors": [
            4,
            21
          ],
          "candidate": [
            "0.5",
            "0.8660254037844386467637231707529361834714"
          ],
          "reason": "collision_9_10"
        },
        {
          "state_index": 1,
          "vertex": 9,
          "anchors": [
            4,
            21
          ],
          "candidate": [
            "0.5",
            "-0.8660254037844386467637231707529361834714"
          ],
          "reason": "collision_9_10"
        }
      ],
      "failure_count": 2
    },
    {
      "step": 4,
      "vertex": 8,
      "anchors": [
        9,
        21
      ],
      "states_in": 2,
      "states_out": 2,
      "failures": [
        {
          "state_index": 0,
          "vertex": 8,
          "anchors": [
            9,
            21
          ],
          "candidate": [
            "1.0",
            "0.0"
          ],
          "reason": "collision_8_4"
        },
        {
          "state_index": 1,
          "vertex": 8,
          "anchors": [
            9,
            21
          ],
          "candidate": [
            "1.0",
            "0.0"
          ],
          "reason": "collision_8_4"
        }
      ],
      "failure_count": 2
    },
    {
      "step": 5,
      "vertex": 3,
      "anchors": [
        8,
        10
      ],
      "states_in": 2,
      "states_out": 0,
      "failures": [
        {
          "state_index": 0,
          "vertex": 3,
          "anchors": [
            8,
            10
          ],
          "candidate": [
            "1.5",
            "0.8660254037844386467637231707529361834714"
          ],
          "reason": "collision_3_21"
        },
        {
          "state_index": 1,
          "vertex": 3,
          "anchors": [
            8,
            10
          ],
          "candidate": [
            "1.5",
            "-0.8660254037844386467637231707529361834714"
          ],
          "reason": "collision_3_21"
        }
      ],
      "failure_count": 2
    }
  ],
  "source": "class_0444_e79",
  "n": 25,
  "edge_count": 79,
  "precision_digits": 100,
  "tolerance": "1e-40",
  "interpretation": "eliminated means all finite trilateration branches from the reported seed edge failed; survived means a numerically valid branch remains and needs exact/interval verification."
}