{
  "status": "eliminated",
  "seed_edge": [
    1,
    15
  ],
  "order": [
    [
      16,
      1,
      15
    ],
    [
      5,
      15,
      16
    ],
    [
      9,
      5,
      15
    ],
    [
      6,
      1,
      9
    ],
    [
      13,
      6,
      9
    ],
    [
      14,
      5,
      13
    ],
    [
      24,
      1,
      13
    ],
    [
      2,
      13,
      24
    ],
    [
      8,
      2,
      5
    ],
    [
      7,
      6,
      8
    ],
    [
      3,
      7,
      8
    ],
    [
      20,
      1,
      2
    ],
    [
      11,
      3,
      14
    ],
    [
      19,
      3,
      9
    ],
    [
      4,
      2,
      11
    ],
    [
      17,
      1,
      4
    ],
    [
      21,
      3,
      9
    ],
    [
      12,
      11,
      15
    ],
    [
      23,
      5,
      6
    ],
    [
      10,
      7,
      12
    ],
    [
      18,
      1,
      8
    ],
    [
      25,
      2,
      10
    ],
    [
      22,
      4,
      16
    ]
  ],
  "eliminated_at_step": 4,
  "max_width": 2,
  "eliminations": [
    {
      "step": 1,
      "vertex": 16,
      "anchors": [
        1,
        15
      ],
      "states_in": 1,
      "states_out": 2,
      "failures": [],
      "failure_count": 0
    },
    {
      "step": 2,
      "vertex": 5,
      "anchors": [
        15,
        16
      ],
      "states_in": 2,
      "states_out": 2,
      "failures": [
        {
          "state_index": 0,
          "vertex": 5,
          "anchors": [
            15,
            16
          ],
          "candidate": [
            "-7.143671195514218638848647176908380996574e-102",
            "0.0"
          ],
          "reason": "collision_5_1"
        },
        {
          "state_index": 1,
          "vertex": 5,
          "anchors": [
            15,
            16
          ],
          "candidate": [
            "-7.143671195514218638848647176908380996574e-102",
            "0.0"
          ],
          "reason": "collision_5_1"
        }
      ],
      "failure_count": 2
    },
    {
      "step": 3,
      "vertex": 9,
      "anchors": [
        5,
        15
      ],
      "states_in": 2,
      "states_out": 2,
      "failures": [
        {
          "state_index": 0,
          "vertex": 9,
          "anchors": [
            5,
            15
          ],
          "candidate": [
            "0.5",
            "0.8660254037844386467637231707529361834714"
          ],
          "reason": "collision_9_16"
        },
        {
          "state_index": 1,
          "vertex": 9,
          "anchors": [
            5,
            15
          ],
          "candidate": [
            "0.5",
            "-0.8660254037844386467637231707529361834714"
          ],
          "reason": "collision_9_16"
        }
      ],
      "failure_count": 2
    },
    {
      "step": 4,
      "vertex": 6,
      "anchors": [
        1,
        9
      ],
      "states_in": 2,
      "states_out": 0,
      "failures": [
        {
          "state_index": 0,
          "vertex": 6,
          "anchors": [
            1,
            9
          ],
          "candidate": [
            "1.0",
            "0.0"
          ],
          "reason": "collision_6_15"
        },
        {
          "state_index": 1,
          "vertex": 6,
          "anchors": [
            1,
            9
          ],
          "candidate": [
            "1.0",
            "0.0"
          ],
          "reason": "collision_6_15"
        }
      ],
      "failure_count": 2
    }
  ],
  "source": "class_0008_e81",
  "n": 25,
  "edge_count": 81,
  "precision_digits": 100,
  "tolerance": "1e-40",
  "interpretation": "eliminated means all finite trilateration branches from the reported seed edge failed; survived means a numerically valid branch remains and needs exact/interval verification."
}