{
  "status": "eliminated",
  "seed_edge": [
    1,
    6
  ],
  "order": [
    [
      14,
      1,
      6
    ],
    [
      12,
      6,
      14
    ],
    [
      9,
      6,
      12
    ],
    [
      16,
      1,
      9
    ],
    [
      2,
      14,
      16
    ],
    [
      7,
      2,
      16
    ],
    [
      21,
      2,
      7
    ],
    [
      15,
      2,
      9
    ],
    [
      19,
      6,
      7
    ],
    [
      5,
      6,
      7
    ],
    [
      8,
      1,
      5
    ],
    [
      4,
      5,
      8
    ],
    [
      18,
      4,
      5
    ],
    [
      3,
      4,
      12
    ],
    [
      24,
      1,
      3
    ],
    [
      10,
      14,
      15
    ],
    [
      13,
      8,
      10
    ],
    [
      22,
      3,
      10
    ],
    [
      17,
      5,
      7
    ],
    [
      11,
      8,
      9
    ],
    [
      20,
      1,
      3
    ],
    [
      23,
      10,
      11
    ],
    [
      25,
      3,
      13
    ]
  ],
  "eliminated_at_step": 4,
  "max_width": 2,
  "eliminations": [
    {
      "step": 1,
      "vertex": 14,
      "anchors": [
        1,
        6
      ],
      "states_in": 1,
      "states_out": 2,
      "failures": [],
      "failure_count": 0
    },
    {
      "step": 2,
      "vertex": 12,
      "anchors": [
        6,
        14
      ],
      "states_in": 2,
      "states_out": 2,
      "failures": [
        {
          "state_index": 0,
          "vertex": 12,
          "anchors": [
            6,
            14
          ],
          "candidate": [
            "-7.143671195514218638848647176908380996574e-102",
            "0.0"
          ],
          "reason": "collision_12_1"
        },
        {
          "state_index": 1,
          "vertex": 12,
          "anchors": [
            6,
            14
          ],
          "candidate": [
            "-7.143671195514218638848647176908380996574e-102",
            "0.0"
          ],
          "reason": "collision_12_1"
        }
      ],
      "failure_count": 2
    },
    {
      "step": 3,
      "vertex": 9,
      "anchors": [
        6,
        12
      ],
      "states_in": 2,
      "states_out": 2,
      "failures": [
        {
          "state_index": 0,
          "vertex": 9,
          "anchors": [
            6,
            12
          ],
          "candidate": [
            "0.5",
            "0.8660254037844386467637231707529361834714"
          ],
          "reason": "collision_9_14"
        },
        {
          "state_index": 1,
          "vertex": 9,
          "anchors": [
            6,
            12
          ],
          "candidate": [
            "0.5",
            "-0.8660254037844386467637231707529361834714"
          ],
          "reason": "collision_9_14"
        }
      ],
      "failure_count": 2
    },
    {
      "step": 4,
      "vertex": 16,
      "anchors": [
        1,
        9
      ],
      "states_in": 2,
      "states_out": 0,
      "failures": [
        {
          "state_index": 0,
          "vertex": 16,
          "anchors": [
            1,
            9
          ],
          "candidate": [
            "1.0",
            "0.0"
          ],
          "reason": "collision_16_6"
        },
        {
          "state_index": 1,
          "vertex": 16,
          "anchors": [
            1,
            9
          ],
          "candidate": [
            "1.0",
            "0.0"
          ],
          "reason": "collision_16_6"
        }
      ],
      "failure_count": 2
    }
  ],
  "source": "class_0297_e80",
  "n": 25,
  "edge_count": 80,
  "precision_digits": 100,
  "tolerance": "1e-40",
  "interpretation": "eliminated means all finite trilateration branches from the reported seed edge failed; survived means a numerically valid branch remains and needs exact/interval verification."
}