{
  "status": "eliminated",
  "seed_edge": [
    1,
    9
  ],
  "order": [
    [
      15,
      1,
      9
    ],
    [
      13,
      9,
      15
    ],
    [
      3,
      9,
      13
    ],
    [
      18,
      1,
      3
    ],
    [
      19,
      15,
      18
    ],
    [
      2,
      9,
      19
    ],
    [
      4,
      3,
      19
    ],
    [
      5,
      4,
      13
    ],
    [
      8,
      4,
      15
    ],
    [
      16,
      1,
      2
    ],
    [
      6,
      8,
      15
    ],
    [
      22,
      6,
      13
    ],
    [
      23,
      2,
      8
    ],
    [
      20,
      1,
      5
    ],
    [
      24,
      3,
      6
    ],
    [
      10,
      2,
      20
    ],
    [
      7,
      4,
      5
    ],
    [
      14,
      6,
      10
    ],
    [
      21,
      3,
      4
    ],
    [
      11,
      3,
      14
    ],
    [
      17,
      2,
      5
    ],
    [
      12,
      1,
      8
    ],
    [
      25,
      7,
      12
    ]
  ],
  "eliminated_at_step": 4,
  "max_width": 2,
  "eliminations": [
    {
      "step": 1,
      "vertex": 15,
      "anchors": [
        1,
        9
      ],
      "states_in": 1,
      "states_out": 2,
      "failures": [],
      "failure_count": 0
    },
    {
      "step": 2,
      "vertex": 13,
      "anchors": [
        9,
        15
      ],
      "states_in": 2,
      "states_out": 2,
      "failures": [
        {
          "state_index": 0,
          "vertex": 13,
          "anchors": [
            9,
            15
          ],
          "candidate": [
            "-7.143671195514218638848647176908380996574e-102",
            "0.0"
          ],
          "reason": "collision_13_1"
        },
        {
          "state_index": 1,
          "vertex": 13,
          "anchors": [
            9,
            15
          ],
          "candidate": [
            "-7.143671195514218638848647176908380996574e-102",
            "0.0"
          ],
          "reason": "collision_13_1"
        }
      ],
      "failure_count": 2
    },
    {
      "step": 3,
      "vertex": 3,
      "anchors": [
        9,
        13
      ],
      "states_in": 2,
      "states_out": 2,
      "failures": [
        {
          "state_index": 0,
          "vertex": 3,
          "anchors": [
            9,
            13
          ],
          "candidate": [
            "0.5",
            "0.8660254037844386467637231707529361834714"
          ],
          "reason": "collision_3_15"
        },
        {
          "state_index": 1,
          "vertex": 3,
          "anchors": [
            9,
            13
          ],
          "candidate": [
            "0.5",
            "-0.8660254037844386467637231707529361834714"
          ],
          "reason": "collision_3_15"
        }
      ],
      "failure_count": 2
    },
    {
      "step": 4,
      "vertex": 18,
      "anchors": [
        1,
        3
      ],
      "states_in": 2,
      "states_out": 0,
      "failures": [
        {
          "state_index": 0,
          "vertex": 18,
          "anchors": [
            1,
            3
          ],
          "candidate": [
            "1.0",
            "0.0"
          ],
          "reason": "collision_18_9"
        },
        {
          "state_index": 1,
          "vertex": 18,
          "anchors": [
            1,
            3
          ],
          "candidate": [
            "1.0",
            "0.0"
          ],
          "reason": "collision_18_9"
        }
      ],
      "failure_count": 2
    }
  ],
  "source": "class_0165_e80",
  "n": 25,
  "edge_count": 80,
  "precision_digits": 100,
  "tolerance": "1e-40",
  "interpretation": "eliminated means all finite trilateration branches from the reported seed edge failed; survived means a numerically valid branch remains and needs exact/interval verification."
}