{
  "status": "eliminated",
  "seed_edge": [
    2,
    10
  ],
  "order": [
    [
      11,
      2,
      10
    ],
    [
      18,
      10,
      11
    ],
    [
      3,
      10,
      18
    ],
    [
      6,
      2,
      3
    ],
    [
      8,
      6,
      18
    ],
    [
      4,
      8,
      11
    ],
    [
      15,
      3,
      4
    ],
    [
      9,
      4,
      8
    ],
    [
      16,
      3,
      6
    ],
    [
      22,
      4,
      6
    ],
    [
      5,
      2,
      9
    ],
    [
      7,
      5,
      9
    ],
    [
      12,
      5,
      10
    ],
    [
      19,
      7,
      8
    ],
    [
      25,
      8,
      9
    ],
    [
      13,
      3,
      6
    ],
    [
      1,
      4,
      5
    ],
    [
      14,
      7,
      11
    ],
    [
      17,
      1,
      5
    ],
    [
      21,
      3,
      14
    ],
    [
      20,
      1,
      2
    ],
    [
      23,
      2,
      14
    ],
    [
      24,
      1,
      6
    ]
  ],
  "eliminated_at_step": 4,
  "max_width": 2,
  "eliminations": [
    {
      "step": 1,
      "vertex": 11,
      "anchors": [
        2,
        10
      ],
      "states_in": 1,
      "states_out": 2,
      "failures": [],
      "failure_count": 0
    },
    {
      "step": 2,
      "vertex": 18,
      "anchors": [
        10,
        11
      ],
      "states_in": 2,
      "states_out": 2,
      "failures": [
        {
          "state_index": 0,
          "vertex": 18,
          "anchors": [
            10,
            11
          ],
          "candidate": [
            "-7.143671195514218638848647176908380996574e-102",
            "0.0"
          ],
          "reason": "collision_18_2"
        },
        {
          "state_index": 1,
          "vertex": 18,
          "anchors": [
            10,
            11
          ],
          "candidate": [
            "-7.143671195514218638848647176908380996574e-102",
            "0.0"
          ],
          "reason": "collision_18_2"
        }
      ],
      "failure_count": 2
    },
    {
      "step": 3,
      "vertex": 3,
      "anchors": [
        10,
        18
      ],
      "states_in": 2,
      "states_out": 2,
      "failures": [
        {
          "state_index": 0,
          "vertex": 3,
          "anchors": [
            10,
            18
          ],
          "candidate": [
            "0.5",
            "0.8660254037844386467637231707529361834714"
          ],
          "reason": "collision_3_11"
        },
        {
          "state_index": 1,
          "vertex": 3,
          "anchors": [
            10,
            18
          ],
          "candidate": [
            "0.5",
            "-0.8660254037844386467637231707529361834714"
          ],
          "reason": "collision_3_11"
        }
      ],
      "failure_count": 2
    },
    {
      "step": 4,
      "vertex": 6,
      "anchors": [
        2,
        3
      ],
      "states_in": 2,
      "states_out": 0,
      "failures": [
        {
          "state_index": 0,
          "vertex": 6,
          "anchors": [
            2,
            3
          ],
          "candidate": [
            "1.0",
            "0.0"
          ],
          "reason": "collision_6_10"
        },
        {
          "state_index": 1,
          "vertex": 6,
          "anchors": [
            2,
            3
          ],
          "candidate": [
            "1.0",
            "0.0"
          ],
          "reason": "collision_6_10"
        }
      ],
      "failure_count": 2
    }
  ],
  "source": "class_0024_e81",
  "n": 25,
  "edge_count": 81,
  "precision_digits": 100,
  "tolerance": "1e-40",
  "interpretation": "eliminated means all finite trilateration branches from the reported seed edge failed; survived means a numerically valid branch remains and needs exact/interval verification."
}