{
  "status": "eliminated",
  "seed_edge": [
    1,
    11
  ],
  "order": [
    [
      21,
      1,
      11
    ],
    [
      25,
      1,
      11
    ],
    [
      24,
      11,
      25
    ],
    [
      12,
      11,
      24
    ],
    [
      5,
      12,
      21
    ],
    [
      17,
      1,
      5
    ],
    [
      16,
      5,
      17
    ],
    [
      14,
      16,
      21
    ],
    [
      3,
      1,
      14
    ],
    [
      4,
      3,
      14
    ],
    [
      6,
      3,
      5
    ],
    [
      9,
      5,
      6
    ],
    [
      13,
      4,
      9
    ],
    [
      18,
      4,
      9
    ],
    [
      15,
      1,
      3
    ],
    [
      20,
      9,
      14
    ],
    [
      2,
      1,
      13
    ],
    [
      8,
      2,
      12
    ],
    [
      19,
      2,
      5
    ],
    [
      22,
      8,
      15
    ],
    [
      23,
      3,
      4
    ],
    [
      10,
      2,
      9
    ],
    [
      7,
      6,
      8
    ]
  ],
  "eliminated_at_step": 6,
  "max_width": 2,
  "eliminations": [
    {
      "step": 1,
      "vertex": 21,
      "anchors": [
        1,
        11
      ],
      "states_in": 1,
      "states_out": 2,
      "failures": [],
      "failure_count": 0
    },
    {
      "step": 2,
      "vertex": 25,
      "anchors": [
        1,
        11
      ],
      "states_in": 2,
      "states_out": 2,
      "failures": [
        {
          "state_index": 0,
          "vertex": 25,
          "anchors": [
            1,
            11
          ],
          "candidate": [
            "0.5",
            "0.8660254037844386467637231707529361834714"
          ],
          "reason": "collision_25_21"
        },
        {
          "state_index": 1,
          "vertex": 25,
          "anchors": [
            1,
            11
          ],
          "candidate": [
            "0.5",
            "-0.8660254037844386467637231707529361834714"
          ],
          "reason": "collision_25_21"
        }
      ],
      "failure_count": 2
    },
    {
      "step": 3,
      "vertex": 24,
      "anchors": [
        11,
        25
      ],
      "states_in": 2,
      "states_out": 2,
      "failures": [
        {
          "state_index": 0,
          "vertex": 24,
          "anchors": [
            11,
            25
          ],
          "candidate": [
            "-7.143671195514218638848647176908380996574e-102",
            "0.0"
          ],
          "reason": "collision_24_1"
        },
        {
          "state_index": 1,
          "vertex": 24,
          "anchors": [
            11,
            25
          ],
          "candidate": [
            "-7.143671195514218638848647176908380996574e-102",
            "0.0"
          ],
          "reason": "collision_24_1"
        }
      ],
      "failure_count": 2
    },
    {
      "step": 4,
      "vertex": 12,
      "anchors": [
        11,
        24
      ],
      "states_in": 2,
      "states_out": 2,
      "failures": [
        {
          "state_index": 0,
          "vertex": 12,
          "anchors": [
            11,
            24
          ],
          "candidate": [
            "0.5",
            "-0.8660254037844386467637231707529361834714"
          ],
          "reason": "collision_12_25"
        },
        {
          "state_index": 1,
          "vertex": 12,
          "anchors": [
            11,
            24
          ],
          "candidate": [
            "0.5",
            "0.8660254037844386467637231707529361834714"
          ],
          "reason": "collision_12_25"
        }
      ],
      "failure_count": 2
    },
    {
      "step": 5,
      "vertex": 5,
      "anchors": [
        12,
        21
      ],
      "states_in": 2,
      "states_out": 2,
      "failures": [
        {
          "state_index": 0,
          "vertex": 5,
          "anchors": [
            12,
            21
          ],
          "candidate": [
            "1.0",
            "3.571835597757109319424323588454190498287e-102"
          ],
          "reason": "collision_5_11"
        },
        {
          "state_index": 1,
          "vertex": 5,
          "anchors": [
            12,
            21
          ],
          "candidate": [
            "1.0",
            "-3.571835597757109319424323588454190498287e-102"
          ],
          "reason": "collision_5_11"
        }
      ],
      "failure_count": 2
    },
    {
      "step": 6,
      "vertex": 17,
      "anchors": [
        1,
        5
      ],
      "states_in": 2,
      "states_out": 0,
      "failures": [
        {
          "state_index": 0,
          "vertex": 17,
          "anchors": [
            1,
            5
          ],
          "candidate": [
            "0.5",
            "0.8660254037844386467637231707529361834714"
          ],
          "reason": "edge_17_12_error_2.0"
        },
        {
          "state_index": 0,
          "vertex": 17,
          "anchors": [
            1,
            5
          ],
          "candidate": [
            "1.0",
            "3.571835597757109319424323588454190498287e-102"
          ],
          "reason": "collision_17_11"
        },
        {
          "state_index": 1,
          "vertex": 17,
          "anchors": [
            1,
            5
          ],
          "candidate": [
            "1.0",
            "-3.571835597757109319424323588454190498287e-102"
          ],
          "reason": "collision_17_11"
        },
        {
          "state_index": 1,
          "vertex": 17,
          "anchors": [
            1,
            5
          ],
          "candidate": [
            "0.5",
            "-0.8660254037844386467637231707529361834714"
          ],
          "reason": "edge_17_12_error_2.0"
        }
      ],
      "failure_count": 4
    }
  ],
  "source": "class_0283_e80",
  "n": 25,
  "edge_count": 80,
  "precision_digits": 100,
  "tolerance": "1e-40",
  "interpretation": "eliminated means all finite trilateration branches from the reported seed edge failed; survived means a numerically valid branch remains and needs exact/interval verification."
}