{
  "status": "eliminated",
  "seed_edge": [
    1,
    4
  ],
  "order": [
    [
      15,
      1,
      4
    ],
    [
      10,
      4,
      15
    ],
    [
      22,
      4,
      10
    ],
    [
      12,
      4,
      22
    ],
    [
      19,
      12,
      15
    ],
    [
      3,
      15,
      19
    ],
    [
      7,
      3,
      22
    ],
    [
      13,
      3,
      7
    ],
    [
      20,
      3,
      12
    ],
    [
      21,
      3,
      7
    ],
    [
      8,
      1,
      7
    ],
    [
      23,
      1,
      8
    ],
    [
      9,
      8,
      10
    ],
    [
      25,
      3,
      9
    ],
    [
      2,
      7,
      12
    ],
    [
      5,
      2,
      9
    ],
    [
      6,
      2,
      4
    ],
    [
      11,
      5,
      9
    ],
    [
      14,
      1,
      5
    ],
    [
      16,
      7,
      8
    ],
    [
      17,
      10,
      11
    ],
    [
      18,
      6,
      16
    ],
    [
      24,
      2,
      10
    ]
  ],
  "eliminated_at_step": 5,
  "max_width": 2,
  "eliminations": [
    {
      "step": 1,
      "vertex": 15,
      "anchors": [
        1,
        4
      ],
      "states_in": 1,
      "states_out": 2,
      "failures": [],
      "failure_count": 0
    },
    {
      "step": 2,
      "vertex": 10,
      "anchors": [
        4,
        15
      ],
      "states_in": 2,
      "states_out": 2,
      "failures": [
        {
          "state_index": 0,
          "vertex": 10,
          "anchors": [
            4,
            15
          ],
          "candidate": [
            "-7.143671195514218638848647176908380996574e-102",
            "0.0"
          ],
          "reason": "collision_10_1"
        },
        {
          "state_index": 1,
          "vertex": 10,
          "anchors": [
            4,
            15
          ],
          "candidate": [
            "-7.143671195514218638848647176908380996574e-102",
            "0.0"
          ],
          "reason": "collision_10_1"
        }
      ],
      "failure_count": 2
    },
    {
      "step": 3,
      "vertex": 22,
      "anchors": [
        4,
        10
      ],
      "states_in": 2,
      "states_out": 2,
      "failures": [
        {
          "state_index": 0,
          "vertex": 22,
          "anchors": [
            4,
            10
          ],
          "candidate": [
            "0.5",
            "0.8660254037844386467637231707529361834714"
          ],
          "reason": "collision_22_15"
        },
        {
          "state_index": 1,
          "vertex": 22,
          "anchors": [
            4,
            10
          ],
          "candidate": [
            "0.5",
            "-0.8660254037844386467637231707529361834714"
          ],
          "reason": "collision_22_15"
        }
      ],
      "failure_count": 2
    },
    {
      "step": 4,
      "vertex": 12,
      "anchors": [
        4,
        22
      ],
      "states_in": 2,
      "states_out": 2,
      "failures": [
        {
          "state_index": 0,
          "vertex": 12,
          "anchors": [
            4,
            22
          ],
          "candidate": [
            "1.5",
            "0.8660254037844386467637231707529361834714"
          ],
          "reason": "collision_12_10"
        },
        {
          "state_index": 1,
          "vertex": 12,
          "anchors": [
            4,
            22
          ],
          "candidate": [
            "1.5",
            "-0.8660254037844386467637231707529361834714"
          ],
          "reason": "collision_12_10"
        }
      ],
      "failure_count": 2
    },
    {
      "step": 5,
      "vertex": 19,
      "anchors": [
        12,
        15
      ],
      "states_in": 2,
      "states_out": 0,
      "failures": [
        {
          "state_index": 0,
          "vertex": 19,
          "anchors": [
            12,
            15
          ],
          "candidate": [
            "1.0",
            "0.0"
          ],
          "reason": "collision_19_4"
        },
        {
          "state_index": 1,
          "vertex": 19,
          "anchors": [
            12,
            15
          ],
          "candidate": [
            "1.0",
            "0.0"
          ],
          "reason": "collision_19_4"
        }
      ],
      "failure_count": 2
    }
  ],
  "source": "class_0275_e80",
  "n": 25,
  "edge_count": 80,
  "precision_digits": 100,
  "tolerance": "1e-40",
  "interpretation": "eliminated means all finite trilateration branches from the reported seed edge failed; survived means a numerically valid branch remains and needs exact/interval verification."
}