{
  "status": "eliminated",
  "seed_edge": [
    1,
    9
  ],
  "order": [
    [
      10,
      1,
      9
    ],
    [
      18,
      9,
      10
    ],
    [
      14,
      9,
      18
    ],
    [
      2,
      1,
      14
    ],
    [
      7,
      1,
      2
    ],
    [
      15,
      7,
      9
    ],
    [
      24,
      7,
      10
    ],
    [
      23,
      2,
      18
    ],
    [
      3,
      14,
      24
    ],
    [
      17,
      3,
      7
    ],
    [
      22,
      1,
      3
    ],
    [
      16,
      15,
      17
    ],
    [
      8,
      2,
      10
    ],
    [
      11,
      8,
      15
    ],
    [
      20,
      3,
      8
    ],
    [
      25,
      2,
      20
    ],
    [
      4,
      7,
      11
    ],
    [
      6,
      4,
      18
    ],
    [
      5,
      6,
      8
    ],
    [
      21,
      5,
      6
    ],
    [
      19,
      1,
      5
    ],
    [
      13,
      2,
      4
    ],
    [
      12,
      3,
      4
    ]
  ],
  "eliminated_at_step": 4,
  "max_width": 2,
  "eliminations": [
    {
      "step": 1,
      "vertex": 10,
      "anchors": [
        1,
        9
      ],
      "states_in": 1,
      "states_out": 2,
      "failures": [],
      "failure_count": 0
    },
    {
      "step": 2,
      "vertex": 18,
      "anchors": [
        9,
        10
      ],
      "states_in": 2,
      "states_out": 2,
      "failures": [
        {
          "state_index": 0,
          "vertex": 18,
          "anchors": [
            9,
            10
          ],
          "candidate": [
            "-7.143671195514218638848647176908380996574e-102",
            "0.0"
          ],
          "reason": "collision_18_1"
        },
        {
          "state_index": 1,
          "vertex": 18,
          "anchors": [
            9,
            10
          ],
          "candidate": [
            "-7.143671195514218638848647176908380996574e-102",
            "0.0"
          ],
          "reason": "collision_18_1"
        }
      ],
      "failure_count": 2
    },
    {
      "step": 3,
      "vertex": 14,
      "anchors": [
        9,
        18
      ],
      "states_in": 2,
      "states_out": 2,
      "failures": [
        {
          "state_index": 0,
          "vertex": 14,
          "anchors": [
            9,
            18
          ],
          "candidate": [
            "0.5",
            "0.8660254037844386467637231707529361834714"
          ],
          "reason": "collision_14_10"
        },
        {
          "state_index": 1,
          "vertex": 14,
          "anchors": [
            9,
            18
          ],
          "candidate": [
            "0.5",
            "-0.8660254037844386467637231707529361834714"
          ],
          "reason": "collision_14_10"
        }
      ],
      "failure_count": 2
    },
    {
      "step": 4,
      "vertex": 2,
      "anchors": [
        1,
        14
      ],
      "states_in": 2,
      "states_out": 0,
      "failures": [
        {
          "state_index": 0,
          "vertex": 2,
          "anchors": [
            1,
            14
          ],
          "candidate": [
            "1.0",
            "0.0"
          ],
          "reason": "collision_2_9"
        },
        {
          "state_index": 1,
          "vertex": 2,
          "anchors": [
            1,
            14
          ],
          "candidate": [
            "1.0",
            "0.0"
          ],
          "reason": "collision_2_9"
        }
      ],
      "failure_count": 2
    }
  ],
  "source": "class_0146_e80",
  "n": 25,
  "edge_count": 80,
  "precision_digits": 100,
  "tolerance": "1e-40",
  "interpretation": "eliminated means all finite trilateration branches from the reported seed edge failed; survived means a numerically valid branch remains and needs exact/interval verification."
}