{
  "status": "eliminated",
  "seed_edge": [
    1,
    15
  ],
  "order": [
    [
      20,
      1,
      15
    ],
    [
      22,
      1,
      15
    ],
    [
      23,
      15,
      22
    ],
    [
      12,
      20,
      23
    ],
    [
      4,
      12,
      23
    ],
    [
      7,
      1,
      4
    ],
    [
      17,
      7,
      22
    ],
    [
      14,
      12,
      17
    ],
    [
      3,
      7,
      14
    ],
    [
      8,
      4,
      14
    ],
    [
      6,
      4,
      7
    ],
    [
      16,
      3,
      6
    ],
    [
      18,
      3,
      12
    ],
    [
      9,
      6,
      12
    ],
    [
      10,
      3,
      7
    ],
    [
      13,
      8,
      9
    ],
    [
      21,
      1,
      8
    ],
    [
      2,
      10,
      13
    ],
    [
      25,
      1,
      2
    ],
    [
      5,
      1,
      6
    ],
    [
      19,
      2,
      5
    ],
    [
      11,
      2,
      14
    ],
    [
      24,
      4,
      5
    ]
  ],
  "eliminated_at_step": 4,
  "max_width": 2,
  "eliminations": [
    {
      "step": 1,
      "vertex": 20,
      "anchors": [
        1,
        15
      ],
      "states_in": 1,
      "states_out": 2,
      "failures": [],
      "failure_count": 0
    },
    {
      "step": 2,
      "vertex": 22,
      "anchors": [
        1,
        15
      ],
      "states_in": 2,
      "states_out": 2,
      "failures": [
        {
          "state_index": 0,
          "vertex": 22,
          "anchors": [
            1,
            15
          ],
          "candidate": [
            "0.5",
            "0.8660254037844386467637231707529361834714"
          ],
          "reason": "collision_22_20"
        },
        {
          "state_index": 1,
          "vertex": 22,
          "anchors": [
            1,
            15
          ],
          "candidate": [
            "0.5",
            "-0.8660254037844386467637231707529361834714"
          ],
          "reason": "collision_22_20"
        }
      ],
      "failure_count": 2
    },
    {
      "step": 3,
      "vertex": 23,
      "anchors": [
        15,
        22
      ],
      "states_in": 2,
      "states_out": 2,
      "failures": [
        {
          "state_index": 0,
          "vertex": 23,
          "anchors": [
            15,
            22
          ],
          "candidate": [
            "-7.143671195514218638848647176908380996574e-102",
            "0.0"
          ],
          "reason": "collision_23_1"
        },
        {
          "state_index": 1,
          "vertex": 23,
          "anchors": [
            15,
            22
          ],
          "candidate": [
            "-7.143671195514218638848647176908380996574e-102",
            "0.0"
          ],
          "reason": "collision_23_1"
        }
      ],
      "failure_count": 2
    },
    {
      "step": 4,
      "vertex": 12,
      "anchors": [
        20,
        23
      ],
      "states_in": 2,
      "states_out": 0,
      "failures": [
        {
          "state_index": 0,
          "vertex": 12,
          "anchors": [
            20,
            23
          ],
          "candidate": [
            "1.0",
            "0.0"
          ],
          "reason": "collision_12_15"
        },
        {
          "state_index": 1,
          "vertex": 12,
          "anchors": [
            20,
            23
          ],
          "candidate": [
            "1.0",
            "0.0"
          ],
          "reason": "collision_12_15"
        }
      ],
      "failure_count": 2
    }
  ],
  "source": "class_0048_e81",
  "n": 25,
  "edge_count": 81,
  "precision_digits": 100,
  "tolerance": "1e-40",
  "interpretation": "eliminated means all finite trilateration branches from the reported seed edge failed; survived means a numerically valid branch remains and needs exact/interval verification."
}