{
  "status": "eliminated",
  "seed_edge": [
    1,
    5
  ],
  "order": [
    [
      22,
      1,
      5
    ],
    [
      20,
      5,
      22
    ],
    [
      4,
      5,
      20
    ],
    [
      13,
      4,
      20
    ],
    [
      3,
      13,
      22
    ],
    [
      14,
      4,
      5
    ],
    [
      6,
      5,
      14
    ],
    [
      21,
      1,
      3
    ],
    [
      7,
      6,
      20
    ],
    [
      8,
      6,
      13
    ],
    [
      10,
      8,
      14
    ],
    [
      17,
      3,
      7
    ],
    [
      12,
      1,
      10
    ],
    [
      16,
      10,
      12
    ],
    [
      15,
      1,
      7
    ],
    [
      19,
      8,
      10
    ],
    [
      24,
      3,
      4
    ],
    [
      11,
      5,
      15
    ],
    [
      25,
      11,
      12
    ],
    [
      9,
      7,
      16
    ],
    [
      18,
      1,
      8
    ],
    [
      23,
      3,
      6
    ],
    [
      2,
      4,
      15
    ]
  ],
  "eliminated_at_step": 5,
  "max_width": 2,
  "eliminations": [
    {
      "step": 1,
      "vertex": 22,
      "anchors": [
        1,
        5
      ],
      "states_in": 1,
      "states_out": 2,
      "failures": [],
      "failure_count": 0
    },
    {
      "step": 2,
      "vertex": 20,
      "anchors": [
        5,
        22
      ],
      "states_in": 2,
      "states_out": 2,
      "failures": [
        {
          "state_index": 0,
          "vertex": 20,
          "anchors": [
            5,
            22
          ],
          "candidate": [
            "-7.143671195514218638848647176908380996574e-102",
            "0.0"
          ],
          "reason": "collision_20_1"
        },
        {
          "state_index": 1,
          "vertex": 20,
          "anchors": [
            5,
            22
          ],
          "candidate": [
            "-7.143671195514218638848647176908380996574e-102",
            "0.0"
          ],
          "reason": "collision_20_1"
        }
      ],
      "failure_count": 2
    },
    {
      "step": 3,
      "vertex": 4,
      "anchors": [
        5,
        20
      ],
      "states_in": 2,
      "states_out": 2,
      "failures": [
        {
          "state_index": 0,
          "vertex": 4,
          "anchors": [
            5,
            20
          ],
          "candidate": [
            "0.5",
            "0.8660254037844386467637231707529361834714"
          ],
          "reason": "collision_4_22"
        },
        {
          "state_index": 1,
          "vertex": 4,
          "anchors": [
            5,
            20
          ],
          "candidate": [
            "0.5",
            "-0.8660254037844386467637231707529361834714"
          ],
          "reason": "collision_4_22"
        }
      ],
      "failure_count": 2
    },
    {
      "step": 4,
      "vertex": 13,
      "anchors": [
        4,
        20
      ],
      "states_in": 2,
      "states_out": 2,
      "failures": [
        {
          "state_index": 0,
          "vertex": 13,
          "anchors": [
            4,
            20
          ],
          "candidate": [
            "1.0",
            "0.0"
          ],
          "reason": "collision_13_5"
        },
        {
          "state_index": 1,
          "vertex": 13,
          "anchors": [
            4,
            20
          ],
          "candidate": [
            "1.0",
            "0.0"
          ],
          "reason": "collision_13_5"
        }
      ],
      "failure_count": 2
    },
    {
      "step": 5,
      "vertex": 3,
      "anchors": [
        13,
        22
      ],
      "states_in": 2,
      "states_out": 0,
      "failures": [
        {
          "state_index": 0,
          "vertex": 3,
          "anchors": [
            13,
            22
          ],
          "candidate": [
            "1.5",
            "0.8660254037844386467637231707529361834714"
          ],
          "reason": "collision_3_20"
        },
        {
          "state_index": 1,
          "vertex": 3,
          "anchors": [
            13,
            22
          ],
          "candidate": [
            "1.5",
            "-0.8660254037844386467637231707529361834714"
          ],
          "reason": "collision_3_20"
        }
      ],
      "failure_count": 2
    }
  ],
  "source": "class_0019_e81",
  "n": 25,
  "edge_count": 81,
  "precision_digits": 100,
  "tolerance": "1e-40",
  "interpretation": "eliminated means all finite trilateration branches from the reported seed edge failed; survived means a numerically valid branch remains and needs exact/interval verification."
}