{
  "status": "eliminated",
  "seed_edge": [
    1,
    2
  ],
  "order": [
    [
      21,
      1,
      2
    ],
    [
      7,
      2,
      21
    ],
    [
      24,
      1,
      2
    ],
    [
      9,
      1,
      24
    ],
    [
      3,
      1,
      9
    ],
    [
      4,
      7,
      9
    ],
    [
      12,
      4,
      9
    ],
    [
      8,
      2,
      3
    ],
    [
      13,
      4,
      7
    ],
    [
      14,
      7,
      13
    ],
    [
      11,
      12,
      14
    ],
    [
      20,
      3,
      4
    ],
    [
      5,
      11,
      13
    ],
    [
      17,
      5,
      8
    ],
    [
      15,
      4,
      17
    ],
    [
      22,
      1,
      5
    ],
    [
      18,
      4,
      5
    ],
    [
      10,
      7,
      14
    ],
    [
      19,
      2,
      8
    ],
    [
      16,
      9,
      13
    ],
    [
      25,
      12,
      15
    ],
    [
      6,
      2,
      11
    ],
    [
      23,
      1,
      3
    ]
  ],
  "eliminated_at_step": 6,
  "max_width": 2,
  "eliminations": [
    {
      "step": 1,
      "vertex": 21,
      "anchors": [
        1,
        2
      ],
      "states_in": 1,
      "states_out": 2,
      "failures": [],
      "failure_count": 0
    },
    {
      "step": 2,
      "vertex": 7,
      "anchors": [
        2,
        21
      ],
      "states_in": 2,
      "states_out": 2,
      "failures": [
        {
          "state_index": 0,
          "vertex": 7,
          "anchors": [
            2,
            21
          ],
          "candidate": [
            "-7.143671195514218638848647176908380996574e-102",
            "0.0"
          ],
          "reason": "collision_7_1"
        },
        {
          "state_index": 1,
          "vertex": 7,
          "anchors": [
            2,
            21
          ],
          "candidate": [
            "-7.143671195514218638848647176908380996574e-102",
            "0.0"
          ],
          "reason": "collision_7_1"
        }
      ],
      "failure_count": 2
    },
    {
      "step": 3,
      "vertex": 24,
      "anchors": [
        1,
        2
      ],
      "states_in": 2,
      "states_out": 2,
      "failures": [
        {
          "state_index": 0,
          "vertex": 24,
          "anchors": [
            1,
            2
          ],
          "candidate": [
            "0.5",
            "0.8660254037844386467637231707529361834714"
          ],
          "reason": "collision_24_21"
        },
        {
          "state_index": 1,
          "vertex": 24,
          "anchors": [
            1,
            2
          ],
          "candidate": [
            "0.5",
            "-0.8660254037844386467637231707529361834714"
          ],
          "reason": "collision_24_21"
        }
      ],
      "failure_count": 2
    },
    {
      "step": 4,
      "vertex": 9,
      "anchors": [
        1,
        24
      ],
      "states_in": 2,
      "states_out": 2,
      "failures": [
        {
          "state_index": 0,
          "vertex": 9,
          "anchors": [
            1,
            24
          ],
          "candidate": [
            "1.0",
            "0.0"
          ],
          "reason": "collision_9_2"
        },
        {
          "state_index": 1,
          "vertex": 9,
          "anchors": [
            1,
            24
          ],
          "candidate": [
            "1.0",
            "0.0"
          ],
          "reason": "collision_9_2"
        }
      ],
      "failure_count": 2
    },
    {
      "step": 5,
      "vertex": 3,
      "anchors": [
        1,
        9
      ],
      "states_in": 2,
      "states_out": 2,
      "failures": [
        {
          "state_index": 0,
          "vertex": 3,
          "anchors": [
            1,
            9
          ],
          "candidate": [
            "0.5",
            "-0.8660254037844386467637231707529361834714"
          ],
          "reason": "collision_3_24"
        },
        {
          "state_index": 1,
          "vertex": 3,
          "anchors": [
            1,
            9
          ],
          "candidate": [
            "0.5",
            "0.8660254037844386467637231707529361834714"
          ],
          "reason": "collision_3_24"
        }
      ],
      "failure_count": 2
    },
    {
      "step": 6,
      "vertex": 4,
      "anchors": [
        7,
        9
      ],
      "states_in": 2,
      "states_out": 0,
      "failures": [
        {
          "state_index": 0,
          "vertex": 4,
          "anchors": [
            7,
            9
          ],
          "reason": "anchor_circles_do_not_intersect"
        },
        {
          "state_index": 1,
          "vertex": 4,
          "anchors": [
            7,
            9
          ],
          "reason": "anchor_circles_do_not_intersect"
        }
      ],
      "failure_count": 2
    }
  ],
  "source": "class_0139_e80",
  "n": 25,
  "edge_count": 80,
  "precision_digits": 100,
  "tolerance": "1e-40",
  "interpretation": "eliminated means all finite trilateration branches from the reported seed edge failed; survived means a numerically valid branch remains and needs exact/interval verification."
}