{
  "status": "eliminated",
  "seed_edge": [
    1,
    11
  ],
  "order": [
    [
      17,
      1,
      11
    ],
    [
      22,
      11,
      17
    ],
    [
      19,
      11,
      22
    ],
    [
      3,
      1,
      19
    ],
    [
      6,
      3,
      19
    ],
    [
      7,
      19,
      22
    ],
    [
      12,
      1,
      3
    ],
    [
      16,
      7,
      12
    ],
    [
      2,
      6,
      7
    ],
    [
      8,
      2,
      6
    ],
    [
      4,
      8,
      11
    ],
    [
      9,
      6,
      11
    ],
    [
      25,
      1,
      6
    ],
    [
      18,
      4,
      12
    ],
    [
      10,
      12,
      16
    ],
    [
      24,
      3,
      8
    ],
    [
      13,
      3,
      18
    ],
    [
      14,
      4,
      9
    ],
    [
      5,
      2,
      6
    ],
    [
      15,
      5,
      18
    ],
    [
      20,
      1,
      5
    ],
    [
      23,
      13,
      15
    ],
    [
      21,
      2,
      4
    ]
  ],
  "eliminated_at_step": 4,
  "max_width": 2,
  "eliminations": [
    {
      "step": 1,
      "vertex": 17,
      "anchors": [
        1,
        11
      ],
      "states_in": 1,
      "states_out": 2,
      "failures": [],
      "failure_count": 0
    },
    {
      "step": 2,
      "vertex": 22,
      "anchors": [
        11,
        17
      ],
      "states_in": 2,
      "states_out": 2,
      "failures": [
        {
          "state_index": 0,
          "vertex": 22,
          "anchors": [
            11,
            17
          ],
          "candidate": [
            "-7.143671195514218638848647176908380996574e-102",
            "0.0"
          ],
          "reason": "collision_22_1"
        },
        {
          "state_index": 1,
          "vertex": 22,
          "anchors": [
            11,
            17
          ],
          "candidate": [
            "-7.143671195514218638848647176908380996574e-102",
            "0.0"
          ],
          "reason": "collision_22_1"
        }
      ],
      "failure_count": 2
    },
    {
      "step": 3,
      "vertex": 19,
      "anchors": [
        11,
        22
      ],
      "states_in": 2,
      "states_out": 2,
      "failures": [
        {
          "state_index": 0,
          "vertex": 19,
          "anchors": [
            11,
            22
          ],
          "candidate": [
            "0.5",
            "0.8660254037844386467637231707529361834714"
          ],
          "reason": "collision_19_17"
        },
        {
          "state_index": 1,
          "vertex": 19,
          "anchors": [
            11,
            22
          ],
          "candidate": [
            "0.5",
            "-0.8660254037844386467637231707529361834714"
          ],
          "reason": "collision_19_17"
        }
      ],
      "failure_count": 2
    },
    {
      "step": 4,
      "vertex": 3,
      "anchors": [
        1,
        19
      ],
      "states_in": 2,
      "states_out": 0,
      "failures": [
        {
          "state_index": 0,
          "vertex": 3,
          "anchors": [
            1,
            19
          ],
          "candidate": [
            "1.0",
            "0.0"
          ],
          "reason": "collision_3_11"
        },
        {
          "state_index": 1,
          "vertex": 3,
          "anchors": [
            1,
            19
          ],
          "candidate": [
            "1.0",
            "0.0"
          ],
          "reason": "collision_3_11"
        }
      ],
      "failure_count": 2
    }
  ],
  "source": "class_0496_e78",
  "n": 25,
  "edge_count": 78,
  "precision_digits": 100,
  "tolerance": "1e-40",
  "interpretation": "eliminated means all finite trilateration branches from the reported seed edge failed; survived means a numerically valid branch remains and needs exact/interval verification."
}