{
  "status": "eliminated",
  "seed_edge": [
    1,
    6
  ],
  "order": [
    [
      24,
      1,
      6
    ],
    [
      11,
      6,
      24
    ],
    [
      21,
      6,
      11
    ],
    [
      12,
      1,
      21
    ],
    [
      13,
      1,
      12
    ],
    [
      14,
      12,
      13
    ],
    [
      3,
      11,
      13
    ],
    [
      4,
      6,
      13
    ],
    [
      7,
      4,
      11
    ],
    [
      15,
      7,
      14
    ],
    [
      20,
      4,
      6
    ],
    [
      16,
      3,
      4
    ],
    [
      2,
      7,
      16
    ],
    [
      25,
      1,
      2
    ],
    [
      23,
      1,
      3
    ],
    [
      9,
      3,
      20
    ],
    [
      5,
      2,
      3
    ],
    [
      8,
      4,
      9
    ],
    [
      19,
      5,
      8
    ],
    [
      10,
      4,
      8
    ],
    [
      17,
      5,
      7
    ],
    [
      22,
      10,
      11
    ],
    [
      18,
      2,
      5
    ]
  ],
  "eliminated_at_step": 4,
  "max_width": 2,
  "eliminations": [
    {
      "step": 1,
      "vertex": 24,
      "anchors": [
        1,
        6
      ],
      "states_in": 1,
      "states_out": 2,
      "failures": [],
      "failure_count": 0
    },
    {
      "step": 2,
      "vertex": 11,
      "anchors": [
        6,
        24
      ],
      "states_in": 2,
      "states_out": 2,
      "failures": [
        {
          "state_index": 0,
          "vertex": 11,
          "anchors": [
            6,
            24
          ],
          "candidate": [
            "-7.143671195514218638848647176908380996574e-102",
            "0.0"
          ],
          "reason": "collision_11_1"
        },
        {
          "state_index": 1,
          "vertex": 11,
          "anchors": [
            6,
            24
          ],
          "candidate": [
            "-7.143671195514218638848647176908380996574e-102",
            "0.0"
          ],
          "reason": "collision_11_1"
        }
      ],
      "failure_count": 2
    },
    {
      "step": 3,
      "vertex": 21,
      "anchors": [
        6,
        11
      ],
      "states_in": 2,
      "states_out": 2,
      "failures": [
        {
          "state_index": 0,
          "vertex": 21,
          "anchors": [
            6,
            11
          ],
          "candidate": [
            "0.5",
            "0.8660254037844386467637231707529361834714"
          ],
          "reason": "collision_21_24"
        },
        {
          "state_index": 1,
          "vertex": 21,
          "anchors": [
            6,
            11
          ],
          "candidate": [
            "0.5",
            "-0.8660254037844386467637231707529361834714"
          ],
          "reason": "collision_21_24"
        }
      ],
      "failure_count": 2
    },
    {
      "step": 4,
      "vertex": 12,
      "anchors": [
        1,
        21
      ],
      "states_in": 2,
      "states_out": 0,
      "failures": [
        {
          "state_index": 0,
          "vertex": 12,
          "anchors": [
            1,
            21
          ],
          "candidate": [
            "1.0",
            "0.0"
          ],
          "reason": "collision_12_6"
        },
        {
          "state_index": 1,
          "vertex": 12,
          "anchors": [
            1,
            21
          ],
          "candidate": [
            "1.0",
            "0.0"
          ],
          "reason": "collision_12_6"
        }
      ],
      "failure_count": 2
    }
  ],
  "source": "class_0269_e80",
  "n": 25,
  "edge_count": 80,
  "precision_digits": 100,
  "tolerance": "1e-40",
  "interpretation": "eliminated means all finite trilateration branches from the reported seed edge failed; survived means a numerically valid branch remains and needs exact/interval verification."
}