{
  "status": "eliminated",
  "seed_edge": [
    1,
    6
  ],
  "order": [
    [
      13,
      1,
      6
    ],
    [
      18,
      6,
      13
    ],
    [
      7,
      6,
      18
    ],
    [
      2,
      7,
      18
    ],
    [
      5,
      2,
      18
    ],
    [
      3,
      5,
      13
    ],
    [
      14,
      3,
      6
    ],
    [
      16,
      2,
      3
    ],
    [
      24,
      1,
      5
    ],
    [
      25,
      2,
      14
    ],
    [
      9,
      1,
      24
    ],
    [
      8,
      3,
      5
    ],
    [
      4,
      3,
      8
    ],
    [
      10,
      4,
      6
    ],
    [
      12,
      7,
      10
    ],
    [
      20,
      1,
      7
    ],
    [
      21,
      4,
      8
    ],
    [
      11,
      5,
      12
    ],
    [
      15,
      11,
      16
    ],
    [
      22,
      9,
      10
    ],
    [
      23,
      3,
      11
    ],
    [
      19,
      2,
      10
    ],
    [
      17,
      5,
      6
    ]
  ],
  "eliminated_at_step": 7,
  "max_width": 2,
  "eliminations": [
    {
      "step": 1,
      "vertex": 13,
      "anchors": [
        1,
        6
      ],
      "states_in": 1,
      "states_out": 2,
      "failures": [],
      "failure_count": 0
    },
    {
      "step": 2,
      "vertex": 18,
      "anchors": [
        6,
        13
      ],
      "states_in": 2,
      "states_out": 2,
      "failures": [
        {
          "state_index": 0,
          "vertex": 18,
          "anchors": [
            6,
            13
          ],
          "candidate": [
            "-7.143671195514218638848647176908380996574e-102",
            "0.0"
          ],
          "reason": "collision_18_1"
        },
        {
          "state_index": 1,
          "vertex": 18,
          "anchors": [
            6,
            13
          ],
          "candidate": [
            "-7.143671195514218638848647176908380996574e-102",
            "0.0"
          ],
          "reason": "collision_18_1"
        }
      ],
      "failure_count": 2
    },
    {
      "step": 3,
      "vertex": 7,
      "anchors": [
        6,
        18
      ],
      "states_in": 2,
      "states_out": 2,
      "failures": [
        {
          "state_index": 0,
          "vertex": 7,
          "anchors": [
            6,
            18
          ],
          "candidate": [
            "0.5",
            "0.8660254037844386467637231707529361834714"
          ],
          "reason": "collision_7_13"
        },
        {
          "state_index": 1,
          "vertex": 7,
          "anchors": [
            6,
            18
          ],
          "candidate": [
            "0.5",
            "-0.8660254037844386467637231707529361834714"
          ],
          "reason": "collision_7_13"
        }
      ],
      "failure_count": 2
    },
    {
      "step": 4,
      "vertex": 2,
      "anchors": [
        7,
        18
      ],
      "states_in": 2,
      "states_out": 2,
      "failures": [
        {
          "state_index": 0,
          "vertex": 2,
          "anchors": [
            7,
            18
          ],
          "candidate": [
            "1.0",
            "0.0"
          ],
          "reason": "collision_2_6"
        },
        {
          "state_index": 1,
          "vertex": 2,
          "anchors": [
            7,
            18
          ],
          "candidate": [
            "1.0",
            "0.0"
          ],
          "reason": "collision_2_6"
        }
      ],
      "failure_count": 2
    },
    {
      "step": 5,
      "vertex": 5,
      "anchors": [
        2,
        18
      ],
      "states_in": 2,
      "states_out": 2,
      "failures": [
        {
          "state_index": 0,
          "vertex": 5,
          "anchors": [
            2,
            18
          ],
          "candidate": [
            "2.0",
            "0.0"
          ],
          "reason": "collision_5_7"
        },
        {
          "state_index": 1,
          "vertex": 5,
          "anchors": [
            2,
            18
          ],
          "candidate": [
            "2.0",
            "0.0"
          ],
          "reason": "collision_5_7"
        }
      ],
      "failure_count": 2
    },
    {
      "step": 6,
      "vertex": 3,
      "anchors": [
        5,
        13
      ],
      "states_in": 2,
      "states_out": 2,
      "failures": [
        {
          "state_index": 0,
          "vertex": 3,
          "anchors": [
            5,
            13
          ],
          "candidate": [
            "1.5",
            "0.8660254037844386467637231707529361834714"
          ],
          "reason": "collision_3_18"
        },
        {
          "state_index": 1,
          "vertex": 3,
          "anchors": [
            5,
            13
          ],
          "candidate": [
            "1.5",
            "-0.8660254037844386467637231707529361834714"
          ],
          "reason": "collision_3_18"
        }
      ],
      "failure_count": 2
    },
    {
      "step": 7,
      "vertex": 14,
      "anchors": [
        3,
        6
      ],
      "states_in": 2,
      "states_out": 0,
      "failures": [
        {
          "state_index": 0,
          "vertex": 14,
          "anchors": [
            3,
            6
          ],
          "candidate": [
            "1.5",
            "0.8660254037844386467637231707529361834714"
          ],
          "reason": "collision_14_18"
        },
        {
          "state_index": 0,
          "vertex": 14,
          "anchors": [
            3,
            6
          ],
          "candidate": [
            "0.5",
            "0.8660254037844386467637231707529361834714"
          ],
          "reason": "edge_14_7_error_2.0"
        },
        {
          "state_index": 1,
          "vertex": 14,
          "anchors": [
            3,
            6
          ],
          "candidate": [
            "0.5",
            "-0.8660254037844386467637231707529361834714"
          ],
          "reason": "edge_14_7_error_2.0"
        },
        {
          "state_index": 1,
          "vertex": 14,
          "anchors": [
            3,
            6
          ],
          "candidate": [
            "1.5",
            "-0.8660254037844386467637231707529361834714"
          ],
          "reason": "collision_14_18"
        }
      ],
      "failure_count": 4
    }
  ],
  "source": "class_0402_e79",
  "n": 25,
  "edge_count": 79,
  "precision_digits": 100,
  "tolerance": "1e-40",
  "interpretation": "eliminated means all finite trilateration branches from the reported seed edge failed; survived means a numerically valid branch remains and needs exact/interval verification."
}