{
  "status": "eliminated",
  "seed_edge": [
    1,
    4
  ],
  "order": [
    [
      10,
      1,
      4
    ],
    [
      25,
      4,
      10
    ],
    [
      11,
      4,
      25
    ],
    [
      2,
      4,
      11
    ],
    [
      15,
      2,
      10
    ],
    [
      5,
      1,
      15
    ],
    [
      23,
      5,
      15
    ],
    [
      6,
      4,
      5
    ],
    [
      8,
      2,
      5
    ],
    [
      13,
      5,
      8
    ],
    [
      16,
      1,
      11
    ],
    [
      12,
      8,
      16
    ],
    [
      7,
      2,
      12
    ],
    [
      21,
      6,
      7
    ],
    [
      20,
      10,
      13
    ],
    [
      22,
      1,
      2
    ],
    [
      14,
      6,
      8
    ],
    [
      3,
      7,
      14
    ],
    [
      9,
      3,
      5
    ],
    [
      19,
      5,
      9
    ],
    [
      24,
      2,
      15
    ],
    [
      17,
      4,
      6
    ],
    [
      18,
      1,
      3
    ]
  ],
  "eliminated_at_step": 5,
  "max_width": 2,
  "eliminations": [
    {
      "step": 1,
      "vertex": 10,
      "anchors": [
        1,
        4
      ],
      "states_in": 1,
      "states_out": 2,
      "failures": [],
      "failure_count": 0
    },
    {
      "step": 2,
      "vertex": 25,
      "anchors": [
        4,
        10
      ],
      "states_in": 2,
      "states_out": 2,
      "failures": [
        {
          "state_index": 0,
          "vertex": 25,
          "anchors": [
            4,
            10
          ],
          "candidate": [
            "-7.143671195514218638848647176908380996574e-102",
            "0.0"
          ],
          "reason": "collision_25_1"
        },
        {
          "state_index": 1,
          "vertex": 25,
          "anchors": [
            4,
            10
          ],
          "candidate": [
            "-7.143671195514218638848647176908380996574e-102",
            "0.0"
          ],
          "reason": "collision_25_1"
        }
      ],
      "failure_count": 2
    },
    {
      "step": 3,
      "vertex": 11,
      "anchors": [
        4,
        25
      ],
      "states_in": 2,
      "states_out": 2,
      "failures": [
        {
          "state_index": 0,
          "vertex": 11,
          "anchors": [
            4,
            25
          ],
          "candidate": [
            "0.5",
            "0.8660254037844386467637231707529361834714"
          ],
          "reason": "collision_11_10"
        },
        {
          "state_index": 1,
          "vertex": 11,
          "anchors": [
            4,
            25
          ],
          "candidate": [
            "0.5",
            "-0.8660254037844386467637231707529361834714"
          ],
          "reason": "collision_11_10"
        }
      ],
      "failure_count": 2
    },
    {
      "step": 4,
      "vertex": 2,
      "anchors": [
        4,
        11
      ],
      "states_in": 2,
      "states_out": 2,
      "failures": [
        {
          "state_index": 0,
          "vertex": 2,
          "anchors": [
            4,
            11
          ],
          "candidate": [
            "1.5",
            "0.8660254037844386467637231707529361834714"
          ],
          "reason": "collision_2_25"
        },
        {
          "state_index": 1,
          "vertex": 2,
          "anchors": [
            4,
            11
          ],
          "candidate": [
            "1.5",
            "-0.8660254037844386467637231707529361834714"
          ],
          "reason": "collision_2_25"
        }
      ],
      "failure_count": 2
    },
    {
      "step": 5,
      "vertex": 15,
      "anchors": [
        2,
        10
      ],
      "states_in": 2,
      "states_out": 0,
      "failures": [
        {
          "state_index": 0,
          "vertex": 15,
          "anchors": [
            2,
            10
          ],
          "candidate": [
            "1.0",
            "0.0"
          ],
          "reason": "collision_15_4"
        },
        {
          "state_index": 1,
          "vertex": 15,
          "anchors": [
            2,
            10
          ],
          "candidate": [
            "1.0",
            "0.0"
          ],
          "reason": "collision_15_4"
        }
      ],
      "failure_count": 2
    }
  ],
  "source": "class_0463_e79",
  "n": 25,
  "edge_count": 79,
  "precision_digits": 100,
  "tolerance": "1e-40",
  "interpretation": "eliminated means all finite trilateration branches from the reported seed edge failed; survived means a numerically valid branch remains and needs exact/interval verification."
}