{
  "status": "eliminated",
  "seed_edge": [
    1,
    16
  ],
  "order": [
    [
      23,
      1,
      16
    ],
    [
      15,
      16,
      23
    ],
    [
      25,
      1,
      16
    ],
    [
      14,
      15,
      25
    ],
    [
      3,
      1,
      14
    ],
    [
      19,
      3,
      14
    ],
    [
      6,
      19,
      23
    ],
    [
      18,
      3,
      6
    ],
    [
      17,
      6,
      18
    ],
    [
      12,
      1,
      17
    ],
    [
      13,
      12,
      16
    ],
    [
      5,
      12,
      13
    ],
    [
      21,
      3,
      5
    ],
    [
      2,
      15,
      17
    ],
    [
      20,
      2,
      5
    ],
    [
      7,
      5,
      14
    ],
    [
      22,
      2,
      3
    ],
    [
      4,
      6,
      7
    ],
    [
      9,
      4,
      13
    ],
    [
      11,
      4,
      5
    ],
    [
      24,
      9,
      13
    ],
    [
      10,
      1,
      11
    ],
    [
      8,
      2,
      10
    ]
  ],
  "eliminated_at_step": 4,
  "max_width": 2,
  "eliminations": [
    {
      "step": 1,
      "vertex": 23,
      "anchors": [
        1,
        16
      ],
      "states_in": 1,
      "states_out": 2,
      "failures": [],
      "failure_count": 0
    },
    {
      "step": 2,
      "vertex": 15,
      "anchors": [
        16,
        23
      ],
      "states_in": 2,
      "states_out": 2,
      "failures": [
        {
          "state_index": 0,
          "vertex": 15,
          "anchors": [
            16,
            23
          ],
          "candidate": [
            "-7.143671195514218638848647176908380996574e-102",
            "0.0"
          ],
          "reason": "collision_15_1"
        },
        {
          "state_index": 1,
          "vertex": 15,
          "anchors": [
            16,
            23
          ],
          "candidate": [
            "-7.143671195514218638848647176908380996574e-102",
            "0.0"
          ],
          "reason": "collision_15_1"
        }
      ],
      "failure_count": 2
    },
    {
      "step": 3,
      "vertex": 25,
      "anchors": [
        1,
        16
      ],
      "states_in": 2,
      "states_out": 2,
      "failures": [
        {
          "state_index": 0,
          "vertex": 25,
          "anchors": [
            1,
            16
          ],
          "candidate": [
            "0.5",
            "0.8660254037844386467637231707529361834714"
          ],
          "reason": "collision_25_23"
        },
        {
          "state_index": 1,
          "vertex": 25,
          "anchors": [
            1,
            16
          ],
          "candidate": [
            "0.5",
            "-0.8660254037844386467637231707529361834714"
          ],
          "reason": "collision_25_23"
        }
      ],
      "failure_count": 2
    },
    {
      "step": 4,
      "vertex": 14,
      "anchors": [
        15,
        25
      ],
      "states_in": 2,
      "states_out": 0,
      "failures": [
        {
          "state_index": 0,
          "vertex": 14,
          "anchors": [
            15,
            25
          ],
          "candidate": [
            "1.0",
            "0.0"
          ],
          "reason": "collision_14_16"
        },
        {
          "state_index": 1,
          "vertex": 14,
          "anchors": [
            15,
            25
          ],
          "candidate": [
            "1.0",
            "0.0"
          ],
          "reason": "collision_14_16"
        }
      ],
      "failure_count": 2
    }
  ],
  "source": "class_0426_e79",
  "n": 25,
  "edge_count": 79,
  "precision_digits": 100,
  "tolerance": "1e-40",
  "interpretation": "eliminated means all finite trilateration branches from the reported seed edge failed; survived means a numerically valid branch remains and needs exact/interval verification."
}