{
  "status": "eliminated",
  "seed_edge": [
    1,
    5
  ],
  "order": [
    [
      18,
      1,
      5
    ],
    [
      11,
      5,
      18
    ],
    [
      3,
      5,
      11
    ],
    [
      13,
      3,
      5
    ],
    [
      16,
      1,
      18
    ],
    [
      10,
      3,
      16
    ],
    [
      7,
      5,
      10
    ],
    [
      23,
      1,
      7
    ],
    [
      17,
      13,
      18
    ],
    [
      4,
      11,
      17
    ],
    [
      12,
      4,
      7
    ],
    [
      15,
      7,
      12
    ],
    [
      14,
      10,
      15
    ],
    [
      25,
      4,
      12
    ],
    [
      8,
      4,
      5
    ],
    [
      20,
      1,
      13
    ],
    [
      6,
      12,
      14
    ],
    [
      24,
      3,
      6
    ],
    [
      2,
      7,
      8
    ],
    [
      9,
      6,
      7
    ],
    [
      21,
      2,
      3
    ],
    [
      19,
      1,
      8
    ],
    [
      22,
      9,
      10
    ]
  ],
  "eliminated_at_step": 6,
  "max_width": 2,
  "eliminations": [
    {
      "step": 1,
      "vertex": 18,
      "anchors": [
        1,
        5
      ],
      "states_in": 1,
      "states_out": 2,
      "failures": [],
      "failure_count": 0
    },
    {
      "step": 2,
      "vertex": 11,
      "anchors": [
        5,
        18
      ],
      "states_in": 2,
      "states_out": 2,
      "failures": [
        {
          "state_index": 0,
          "vertex": 11,
          "anchors": [
            5,
            18
          ],
          "candidate": [
            "-7.143671195514218638848647176908380996574e-102",
            "0.0"
          ],
          "reason": "collision_11_1"
        },
        {
          "state_index": 1,
          "vertex": 11,
          "anchors": [
            5,
            18
          ],
          "candidate": [
            "-7.143671195514218638848647176908380996574e-102",
            "0.0"
          ],
          "reason": "collision_11_1"
        }
      ],
      "failure_count": 2
    },
    {
      "step": 3,
      "vertex": 3,
      "anchors": [
        5,
        11
      ],
      "states_in": 2,
      "states_out": 2,
      "failures": [
        {
          "state_index": 0,
          "vertex": 3,
          "anchors": [
            5,
            11
          ],
          "candidate": [
            "0.5",
            "0.8660254037844386467637231707529361834714"
          ],
          "reason": "collision_3_18"
        },
        {
          "state_index": 1,
          "vertex": 3,
          "anchors": [
            5,
            11
          ],
          "candidate": [
            "0.5",
            "-0.8660254037844386467637231707529361834714"
          ],
          "reason": "collision_3_18"
        }
      ],
      "failure_count": 2
    },
    {
      "step": 4,
      "vertex": 13,
      "anchors": [
        3,
        5
      ],
      "states_in": 2,
      "states_out": 2,
      "failures": [
        {
          "state_index": 0,
          "vertex": 13,
          "anchors": [
            3,
            5
          ],
          "candidate": [
            "1.5",
            "0.8660254037844386467637231707529361834714"
          ],
          "reason": "collision_13_11"
        },
        {
          "state_index": 1,
          "vertex": 13,
          "anchors": [
            3,
            5
          ],
          "candidate": [
            "1.5",
            "-0.8660254037844386467637231707529361834714"
          ],
          "reason": "collision_13_11"
        }
      ],
      "failure_count": 2
    },
    {
      "step": 5,
      "vertex": 16,
      "anchors": [
        1,
        18
      ],
      "states_in": 2,
      "states_out": 2,
      "failures": [
        {
          "state_index": 0,
          "vertex": 16,
          "anchors": [
            1,
            18
          ],
          "candidate": [
            "1.0",
            "0.0"
          ],
          "reason": "collision_16_5"
        },
        {
          "state_index": 1,
          "vertex": 16,
          "anchors": [
            1,
            18
          ],
          "candidate": [
            "1.0",
            "0.0"
          ],
          "reason": "collision_16_5"
        }
      ],
      "failure_count": 2
    },
    {
      "step": 6,
      "vertex": 10,
      "anchors": [
        3,
        16
      ],
      "states_in": 2,
      "states_out": 0,
      "failures": [
        {
          "state_index": 0,
          "vertex": 10,
          "anchors": [
            3,
            16
          ],
          "reason": "anchor_circles_do_not_intersect"
        },
        {
          "state_index": 1,
          "vertex": 10,
          "anchors": [
            3,
            16
          ],
          "reason": "anchor_circles_do_not_intersect"
        }
      ],
      "failure_count": 2
    }
  ],
  "source": "class_0106_e80",
  "n": 25,
  "edge_count": 80,
  "precision_digits": 100,
  "tolerance": "1e-40",
  "interpretation": "eliminated means all finite trilateration branches from the reported seed edge failed; survived means a numerically valid branch remains and needs exact/interval verification."
}