{
  "status": "eliminated",
  "seed_edge": [
    1,
    15
  ],
  "order": [
    [
      23,
      1,
      15
    ],
    [
      11,
      15,
      23
    ],
    [
      24,
      11,
      15
    ],
    [
      10,
      15,
      24
    ],
    [
      3,
      10,
      23
    ],
    [
      19,
      1,
      3
    ],
    [
      2,
      10,
      19
    ],
    [
      4,
      2,
      11
    ],
    [
      6,
      4,
      24
    ],
    [
      14,
      1,
      6
    ],
    [
      8,
      2,
      11
    ],
    [
      5,
      6,
      8
    ],
    [
      7,
      2,
      5
    ],
    [
      16,
      1,
      6
    ],
    [
      22,
      3,
      5
    ],
    [
      9,
      1,
      4
    ],
    [
      12,
      4,
      9
    ],
    [
      20,
      6,
      12
    ],
    [
      13,
      7,
      12
    ],
    [
      18,
      2,
      6
    ],
    [
      21,
      3,
      8
    ],
    [
      17,
      5,
      9
    ],
    [
      25,
      3,
      9
    ]
  ],
  "eliminated_at_step": 5,
  "max_width": 2,
  "eliminations": [
    {
      "step": 1,
      "vertex": 23,
      "anchors": [
        1,
        15
      ],
      "states_in": 1,
      "states_out": 2,
      "failures": [],
      "failure_count": 0
    },
    {
      "step": 2,
      "vertex": 11,
      "anchors": [
        15,
        23
      ],
      "states_in": 2,
      "states_out": 2,
      "failures": [
        {
          "state_index": 0,
          "vertex": 11,
          "anchors": [
            15,
            23
          ],
          "candidate": [
            "-7.143671195514218638848647176908380996574e-102",
            "0.0"
          ],
          "reason": "collision_11_1"
        },
        {
          "state_index": 1,
          "vertex": 11,
          "anchors": [
            15,
            23
          ],
          "candidate": [
            "-7.143671195514218638848647176908380996574e-102",
            "0.0"
          ],
          "reason": "collision_11_1"
        }
      ],
      "failure_count": 2
    },
    {
      "step": 3,
      "vertex": 24,
      "anchors": [
        11,
        15
      ],
      "states_in": 2,
      "states_out": 2,
      "failures": [
        {
          "state_index": 0,
          "vertex": 24,
          "anchors": [
            11,
            15
          ],
          "candidate": [
            "0.5",
            "0.8660254037844386467637231707529361834714"
          ],
          "reason": "collision_24_23"
        },
        {
          "state_index": 1,
          "vertex": 24,
          "anchors": [
            11,
            15
          ],
          "candidate": [
            "0.5",
            "-0.8660254037844386467637231707529361834714"
          ],
          "reason": "collision_24_23"
        }
      ],
      "failure_count": 2
    },
    {
      "step": 4,
      "vertex": 10,
      "anchors": [
        15,
        24
      ],
      "states_in": 2,
      "states_out": 2,
      "failures": [
        {
          "state_index": 0,
          "vertex": 10,
          "anchors": [
            15,
            24
          ],
          "candidate": [
            "1.5",
            "0.8660254037844386467637231707529361834714"
          ],
          "reason": "collision_10_11"
        },
        {
          "state_index": 1,
          "vertex": 10,
          "anchors": [
            15,
            24
          ],
          "candidate": [
            "1.5",
            "-0.8660254037844386467637231707529361834714"
          ],
          "reason": "collision_10_11"
        }
      ],
      "failure_count": 2
    },
    {
      "step": 5,
      "vertex": 3,
      "anchors": [
        10,
        23
      ],
      "states_in": 2,
      "states_out": 0,
      "failures": [
        {
          "state_index": 0,
          "vertex": 3,
          "anchors": [
            10,
            23
          ],
          "candidate": [
            "1.0",
            "0.0"
          ],
          "reason": "collision_3_15"
        },
        {
          "state_index": 1,
          "vertex": 3,
          "anchors": [
            10,
            23
          ],
          "candidate": [
            "1.0",
            "0.0"
          ],
          "reason": "collision_3_15"
        }
      ],
      "failure_count": 2
    }
  ],
  "source": "class_0071_e80",
  "n": 25,
  "edge_count": 80,
  "precision_digits": 100,
  "tolerance": "1e-40",
  "interpretation": "eliminated means all finite trilateration branches from the reported seed edge failed; survived means a numerically valid branch remains and needs exact/interval verification."
}