{
  "status": "eliminated",
  "seed_edge": [
    1,
    10
  ],
  "order": [
    [
      14,
      1,
      10
    ],
    [
      5,
      10,
      14
    ],
    [
      21,
      5,
      10
    ],
    [
      2,
      5,
      21
    ],
    [
      17,
      1,
      2
    ],
    [
      4,
      14,
      17
    ],
    [
      20,
      2,
      4
    ],
    [
      22,
      4,
      10
    ],
    [
      23,
      1,
      2
    ],
    [
      3,
      4,
      21
    ],
    [
      6,
      3,
      20
    ],
    [
      8,
      3,
      4
    ],
    [
      9,
      5,
      6
    ],
    [
      15,
      1,
      8
    ],
    [
      19,
      8,
      10
    ],
    [
      11,
      6,
      14
    ],
    [
      12,
      2,
      11
    ],
    [
      16,
      9,
      10
    ],
    [
      18,
      2,
      3
    ],
    [
      25,
      4,
      8
    ],
    [
      7,
      17,
      19
    ],
    [
      13,
      3,
      7
    ],
    [
      24,
      6,
      7
    ]
  ],
  "eliminated_at_step": 5,
  "max_width": 2,
  "eliminations": [
    {
      "step": 1,
      "vertex": 14,
      "anchors": [
        1,
        10
      ],
      "states_in": 1,
      "states_out": 2,
      "failures": [],
      "failure_count": 0
    },
    {
      "step": 2,
      "vertex": 5,
      "anchors": [
        10,
        14
      ],
      "states_in": 2,
      "states_out": 2,
      "failures": [
        {
          "state_index": 0,
          "vertex": 5,
          "anchors": [
            10,
            14
          ],
          "candidate": [
            "-7.143671195514218638848647176908380996574e-102",
            "0.0"
          ],
          "reason": "collision_5_1"
        },
        {
          "state_index": 1,
          "vertex": 5,
          "anchors": [
            10,
            14
          ],
          "candidate": [
            "-7.143671195514218638848647176908380996574e-102",
            "0.0"
          ],
          "reason": "collision_5_1"
        }
      ],
      "failure_count": 2
    },
    {
      "step": 3,
      "vertex": 21,
      "anchors": [
        5,
        10
      ],
      "states_in": 2,
      "states_out": 2,
      "failures": [
        {
          "state_index": 0,
          "vertex": 21,
          "anchors": [
            5,
            10
          ],
          "candidate": [
            "0.5",
            "0.8660254037844386467637231707529361834714"
          ],
          "reason": "collision_21_14"
        },
        {
          "state_index": 1,
          "vertex": 21,
          "anchors": [
            5,
            10
          ],
          "candidate": [
            "0.5",
            "-0.8660254037844386467637231707529361834714"
          ],
          "reason": "collision_21_14"
        }
      ],
      "failure_count": 2
    },
    {
      "step": 4,
      "vertex": 2,
      "anchors": [
        5,
        21
      ],
      "states_in": 2,
      "states_out": 2,
      "failures": [
        {
          "state_index": 0,
          "vertex": 2,
          "anchors": [
            5,
            21
          ],
          "candidate": [
            "1.0",
            "0.0"
          ],
          "reason": "collision_2_10"
        },
        {
          "state_index": 1,
          "vertex": 2,
          "anchors": [
            5,
            21
          ],
          "candidate": [
            "1.0",
            "0.0"
          ],
          "reason": "collision_2_10"
        }
      ],
      "failure_count": 2
    },
    {
      "step": 5,
      "vertex": 17,
      "anchors": [
        1,
        2
      ],
      "states_in": 2,
      "states_out": 0,
      "failures": [
        {
          "state_index": 0,
          "vertex": 17,
          "anchors": [
            1,
            2
          ],
          "reason": "anchor_circles_do_not_intersect"
        },
        {
          "state_index": 1,
          "vertex": 17,
          "anchors": [
            1,
            2
          ],
          "reason": "anchor_circles_do_not_intersect"
        }
      ],
      "failure_count": 2
    }
  ],
  "source": "class_0388_e79",
  "n": 25,
  "edge_count": 79,
  "precision_digits": 100,
  "tolerance": "1e-40",
  "interpretation": "eliminated means all finite trilateration branches from the reported seed edge failed; survived means a numerically valid branch remains and needs exact/interval verification."
}