{
  "status": "eliminated",
  "seed_edge": [
    1,
    6
  ],
  "order": [
    [
      19,
      1,
      6
    ],
    [
      18,
      6,
      19
    ],
    [
      20,
      6,
      18
    ],
    [
      8,
      1,
      20
    ],
    [
      14,
      8,
      19
    ],
    [
      2,
      14,
      18
    ],
    [
      3,
      6,
      14
    ],
    [
      15,
      3,
      8
    ],
    [
      9,
      1,
      2
    ],
    [
      13,
      9,
      14
    ],
    [
      12,
      9,
      13
    ],
    [
      24,
      2,
      9
    ],
    [
      4,
      2,
      8
    ],
    [
      5,
      3,
      4
    ],
    [
      7,
      3,
      5
    ],
    [
      11,
      4,
      7
    ],
    [
      25,
      11,
      12
    ],
    [
      10,
      14,
      19
    ],
    [
      16,
      5,
      8
    ],
    [
      22,
      1,
      7
    ],
    [
      17,
      3,
      4
    ],
    [
      21,
      2,
      7
    ],
    [
      23,
      8,
      12
    ]
  ],
  "eliminated_at_step": 4,
  "max_width": 2,
  "eliminations": [
    {
      "step": 1,
      "vertex": 19,
      "anchors": [
        1,
        6
      ],
      "states_in": 1,
      "states_out": 2,
      "failures": [],
      "failure_count": 0
    },
    {
      "step": 2,
      "vertex": 18,
      "anchors": [
        6,
        19
      ],
      "states_in": 2,
      "states_out": 2,
      "failures": [
        {
          "state_index": 0,
          "vertex": 18,
          "anchors": [
            6,
            19
          ],
          "candidate": [
            "-7.143671195514218638848647176908380996574e-102",
            "0.0"
          ],
          "reason": "collision_18_1"
        },
        {
          "state_index": 1,
          "vertex": 18,
          "anchors": [
            6,
            19
          ],
          "candidate": [
            "-7.143671195514218638848647176908380996574e-102",
            "0.0"
          ],
          "reason": "collision_18_1"
        }
      ],
      "failure_count": 2
    },
    {
      "step": 3,
      "vertex": 20,
      "anchors": [
        6,
        18
      ],
      "states_in": 2,
      "states_out": 2,
      "failures": [
        {
          "state_index": 0,
          "vertex": 20,
          "anchors": [
            6,
            18
          ],
          "candidate": [
            "0.5",
            "0.8660254037844386467637231707529361834714"
          ],
          "reason": "collision_20_19"
        },
        {
          "state_index": 1,
          "vertex": 20,
          "anchors": [
            6,
            18
          ],
          "candidate": [
            "0.5",
            "-0.8660254037844386467637231707529361834714"
          ],
          "reason": "collision_20_19"
        }
      ],
      "failure_count": 2
    },
    {
      "step": 4,
      "vertex": 8,
      "anchors": [
        1,
        20
      ],
      "states_in": 2,
      "states_out": 0,
      "failures": [
        {
          "state_index": 0,
          "vertex": 8,
          "anchors": [
            1,
            20
          ],
          "candidate": [
            "1.0",
            "0.0"
          ],
          "reason": "collision_8_6"
        },
        {
          "state_index": 1,
          "vertex": 8,
          "anchors": [
            1,
            20
          ],
          "candidate": [
            "1.0",
            "0.0"
          ],
          "reason": "collision_8_6"
        }
      ],
      "failure_count": 2
    }
  ],
  "source": "class_0498_e78",
  "n": 25,
  "edge_count": 78,
  "precision_digits": 100,
  "tolerance": "1e-40",
  "interpretation": "eliminated means all finite trilateration branches from the reported seed edge failed; survived means a numerically valid branch remains and needs exact/interval verification."
}