{
  "status": "eliminated",
  "seed_edge": [
    2,
    8
  ],
  "order": [
    [
      14,
      2,
      8
    ],
    [
      7,
      8,
      14
    ],
    [
      15,
      2,
      8
    ],
    [
      10,
      7,
      15
    ],
    [
      9,
      2,
      10
    ],
    [
      24,
      2,
      9
    ],
    [
      5,
      7,
      24
    ],
    [
      12,
      5,
      15
    ],
    [
      21,
      5,
      7
    ],
    [
      1,
      8,
      12
    ],
    [
      20,
      2,
      5
    ],
    [
      3,
      12,
      14
    ],
    [
      6,
      1,
      3
    ],
    [
      25,
      1,
      2
    ],
    [
      13,
      3,
      10
    ],
    [
      4,
      5,
      12
    ],
    [
      23,
      4,
      9
    ],
    [
      17,
      4,
      6
    ],
    [
      16,
      1,
      8
    ],
    [
      18,
      13,
      16
    ],
    [
      19,
      15,
      17
    ],
    [
      11,
      6,
      7
    ],
    [
      22,
      3,
      7
    ]
  ],
  "eliminated_at_step": 4,
  "max_width": 2,
  "eliminations": [
    {
      "step": 1,
      "vertex": 14,
      "anchors": [
        2,
        8
      ],
      "states_in": 1,
      "states_out": 2,
      "failures": [],
      "failure_count": 0
    },
    {
      "step": 2,
      "vertex": 7,
      "anchors": [
        8,
        14
      ],
      "states_in": 2,
      "states_out": 2,
      "failures": [
        {
          "state_index": 0,
          "vertex": 7,
          "anchors": [
            8,
            14
          ],
          "candidate": [
            "-7.143671195514218638848647176908380996574e-102",
            "0.0"
          ],
          "reason": "collision_7_2"
        },
        {
          "state_index": 1,
          "vertex": 7,
          "anchors": [
            8,
            14
          ],
          "candidate": [
            "-7.143671195514218638848647176908380996574e-102",
            "0.0"
          ],
          "reason": "collision_7_2"
        }
      ],
      "failure_count": 2
    },
    {
      "step": 3,
      "vertex": 15,
      "anchors": [
        2,
        8
      ],
      "states_in": 2,
      "states_out": 2,
      "failures": [
        {
          "state_index": 0,
          "vertex": 15,
          "anchors": [
            2,
            8
          ],
          "candidate": [
            "0.5",
            "0.8660254037844386467637231707529361834714"
          ],
          "reason": "collision_15_14"
        },
        {
          "state_index": 1,
          "vertex": 15,
          "anchors": [
            2,
            8
          ],
          "candidate": [
            "0.5",
            "-0.8660254037844386467637231707529361834714"
          ],
          "reason": "collision_15_14"
        }
      ],
      "failure_count": 2
    },
    {
      "step": 4,
      "vertex": 10,
      "anchors": [
        7,
        15
      ],
      "states_in": 2,
      "states_out": 0,
      "failures": [
        {
          "state_index": 0,
          "vertex": 10,
          "anchors": [
            7,
            15
          ],
          "candidate": [
            "1.0",
            "0.0"
          ],
          "reason": "collision_10_8"
        },
        {
          "state_index": 1,
          "vertex": 10,
          "anchors": [
            7,
            15
          ],
          "candidate": [
            "1.0",
            "0.0"
          ],
          "reason": "collision_10_8"
        }
      ],
      "failure_count": 2
    }
  ],
  "source": "class_0078_e80",
  "n": 25,
  "edge_count": 80,
  "precision_digits": 100,
  "tolerance": "1e-40",
  "interpretation": "eliminated means all finite trilateration branches from the reported seed edge failed; survived means a numerically valid branch remains and needs exact/interval verification."
}