{
  "status": "eliminated",
  "seed_edge": [
    1,
    8
  ],
  "order": [
    [
      22,
      1,
      8
    ],
    [
      10,
      8,
      22
    ],
    [
      23,
      8,
      10
    ],
    [
      4,
      10,
      23
    ],
    [
      3,
      1,
      4
    ],
    [
      19,
      1,
      3
    ],
    [
      2,
      10,
      19
    ],
    [
      13,
      2,
      3
    ],
    [
      25,
      2,
      8
    ],
    [
      5,
      8,
      23
    ],
    [
      6,
      3,
      5
    ],
    [
      7,
      13,
      22
    ],
    [
      24,
      3,
      6
    ],
    [
      15,
      4,
      7
    ],
    [
      12,
      5,
      6
    ],
    [
      18,
      8,
      12
    ],
    [
      14,
      3,
      8
    ],
    [
      9,
      2,
      14
    ],
    [
      21,
      4,
      6
    ],
    [
      11,
      4,
      5
    ],
    [
      20,
      1,
      7
    ],
    [
      16,
      6,
      9
    ],
    [
      17,
      1,
      9
    ]
  ],
  "eliminated_at_step": 5,
  "max_width": 2,
  "eliminations": [
    {
      "step": 1,
      "vertex": 22,
      "anchors": [
        1,
        8
      ],
      "states_in": 1,
      "states_out": 2,
      "failures": [],
      "failure_count": 0
    },
    {
      "step": 2,
      "vertex": 10,
      "anchors": [
        8,
        22
      ],
      "states_in": 2,
      "states_out": 2,
      "failures": [
        {
          "state_index": 0,
          "vertex": 10,
          "anchors": [
            8,
            22
          ],
          "candidate": [
            "-7.143671195514218638848647176908380996574e-102",
            "0.0"
          ],
          "reason": "collision_10_1"
        },
        {
          "state_index": 1,
          "vertex": 10,
          "anchors": [
            8,
            22
          ],
          "candidate": [
            "-7.143671195514218638848647176908380996574e-102",
            "0.0"
          ],
          "reason": "collision_10_1"
        }
      ],
      "failure_count": 2
    },
    {
      "step": 3,
      "vertex": 23,
      "anchors": [
        8,
        10
      ],
      "states_in": 2,
      "states_out": 2,
      "failures": [
        {
          "state_index": 0,
          "vertex": 23,
          "anchors": [
            8,
            10
          ],
          "candidate": [
            "0.5",
            "0.8660254037844386467637231707529361834714"
          ],
          "reason": "collision_23_22"
        },
        {
          "state_index": 1,
          "vertex": 23,
          "anchors": [
            8,
            10
          ],
          "candidate": [
            "0.5",
            "-0.8660254037844386467637231707529361834714"
          ],
          "reason": "collision_23_22"
        }
      ],
      "failure_count": 2
    },
    {
      "step": 4,
      "vertex": 4,
      "anchors": [
        10,
        23
      ],
      "states_in": 2,
      "states_out": 2,
      "failures": [
        {
          "state_index": 0,
          "vertex": 4,
          "anchors": [
            10,
            23
          ],
          "candidate": [
            "1.0",
            "0.0"
          ],
          "reason": "collision_4_8"
        },
        {
          "state_index": 1,
          "vertex": 4,
          "anchors": [
            10,
            23
          ],
          "candidate": [
            "1.0",
            "0.0"
          ],
          "reason": "collision_4_8"
        }
      ],
      "failure_count": 2
    },
    {
      "step": 5,
      "vertex": 3,
      "anchors": [
        1,
        4
      ],
      "states_in": 2,
      "states_out": 0,
      "failures": [
        {
          "state_index": 0,
          "vertex": 3,
          "anchors": [
            1,
            4
          ],
          "reason": "anchor_circles_do_not_intersect"
        },
        {
          "state_index": 1,
          "vertex": 3,
          "anchors": [
            1,
            4
          ],
          "reason": "anchor_circles_do_not_intersect"
        }
      ],
      "failure_count": 2
    }
  ],
  "source": "class_0251_e80",
  "n": 25,
  "edge_count": 80,
  "precision_digits": 100,
  "tolerance": "1e-40",
  "interpretation": "eliminated means all finite trilateration branches from the reported seed edge failed; survived means a numerically valid branch remains and needs exact/interval verification."
}