{
  "status": "eliminated",
  "seed_edge": [
    1,
    3
  ],
  "order": [
    [
      12,
      1,
      3
    ],
    [
      19,
      3,
      12
    ],
    [
      5,
      3,
      19
    ],
    [
      13,
      12,
      19
    ],
    [
      2,
      12,
      13
    ],
    [
      16,
      1,
      2
    ],
    [
      8,
      2,
      5
    ],
    [
      4,
      1,
      8
    ],
    [
      15,
      4,
      8
    ],
    [
      18,
      4,
      15
    ],
    [
      17,
      3,
      15
    ],
    [
      6,
      12,
      15
    ],
    [
      9,
      1,
      8
    ],
    [
      14,
      6,
      8
    ],
    [
      21,
      2,
      9
    ],
    [
      11,
      4,
      14
    ],
    [
      20,
      5,
      9
    ],
    [
      22,
      4,
      6
    ],
    [
      23,
      4,
      5
    ],
    [
      25,
      1,
      9
    ],
    [
      24,
      2,
      14
    ],
    [
      7,
      3,
      17
    ],
    [
      10,
      5,
      7
    ]
  ],
  "eliminated_at_step": 6,
  "max_width": 2,
  "eliminations": [
    {
      "step": 1,
      "vertex": 12,
      "anchors": [
        1,
        3
      ],
      "states_in": 1,
      "states_out": 2,
      "failures": [],
      "failure_count": 0
    },
    {
      "step": 2,
      "vertex": 19,
      "anchors": [
        3,
        12
      ],
      "states_in": 2,
      "states_out": 2,
      "failures": [
        {
          "state_index": 0,
          "vertex": 19,
          "anchors": [
            3,
            12
          ],
          "candidate": [
            "-7.143671195514218638848647176908380996574e-102",
            "0.0"
          ],
          "reason": "collision_19_1"
        },
        {
          "state_index": 1,
          "vertex": 19,
          "anchors": [
            3,
            12
          ],
          "candidate": [
            "-7.143671195514218638848647176908380996574e-102",
            "0.0"
          ],
          "reason": "collision_19_1"
        }
      ],
      "failure_count": 2
    },
    {
      "step": 3,
      "vertex": 5,
      "anchors": [
        3,
        19
      ],
      "states_in": 2,
      "states_out": 2,
      "failures": [
        {
          "state_index": 0,
          "vertex": 5,
          "anchors": [
            3,
            19
          ],
          "candidate": [
            "0.5",
            "0.8660254037844386467637231707529361834714"
          ],
          "reason": "collision_5_12"
        },
        {
          "state_index": 1,
          "vertex": 5,
          "anchors": [
            3,
            19
          ],
          "candidate": [
            "0.5",
            "-0.8660254037844386467637231707529361834714"
          ],
          "reason": "collision_5_12"
        }
      ],
      "failure_count": 2
    },
    {
      "step": 4,
      "vertex": 13,
      "anchors": [
        12,
        19
      ],
      "states_in": 2,
      "states_out": 2,
      "failures": [
        {
          "state_index": 0,
          "vertex": 13,
          "anchors": [
            12,
            19
          ],
          "candidate": [
            "1.0",
            "0.0"
          ],
          "reason": "collision_13_3"
        },
        {
          "state_index": 1,
          "vertex": 13,
          "anchors": [
            12,
            19
          ],
          "candidate": [
            "1.0",
            "0.0"
          ],
          "reason": "collision_13_3"
        }
      ],
      "failure_count": 2
    },
    {
      "step": 5,
      "vertex": 2,
      "anchors": [
        12,
        13
      ],
      "states_in": 2,
      "states_out": 2,
      "failures": [
        {
          "state_index": 0,
          "vertex": 2,
          "anchors": [
            12,
            13
          ],
          "candidate": [
            "1.5",
            "0.8660254037844386467637231707529361834714"
          ],
          "reason": "collision_2_19"
        },
        {
          "state_index": 1,
          "vertex": 2,
          "anchors": [
            12,
            13
          ],
          "candidate": [
            "1.5",
            "-0.8660254037844386467637231707529361834714"
          ],
          "reason": "collision_2_19"
        }
      ],
      "failure_count": 2
    },
    {
      "step": 6,
      "vertex": 16,
      "anchors": [
        1,
        2
      ],
      "states_in": 2,
      "states_out": 0,
      "failures": [
        {
          "state_index": 0,
          "vertex": 16,
          "anchors": [
            1,
            2
          ],
          "candidate": [
            "-0.5",
            "0.8660254037844386467637231707529361834714"
          ],
          "reason": "edge_16_5_error_6.0"
        },
        {
          "state_index": 0,
          "vertex": 16,
          "anchors": [
            1,
            2
          ],
          "candidate": [
            "0.5",
            "0.8660254037844386467637231707529361834714"
          ],
          "reason": "edge_16_5_error_2.0"
        },
        {
          "state_index": 1,
          "vertex": 16,
          "anchors": [
            1,
            2
          ],
          "candidate": [
            "0.5",
            "-0.8660254037844386467637231707529361834714"
          ],
          "reason": "edge_16_5_error_2.0"
        },
        {
          "state_index": 1,
          "vertex": 16,
          "anchors": [
            1,
            2
          ],
          "candidate": [
            "-0.5",
            "-0.8660254037844386467637231707529361834714"
          ],
          "reason": "edge_16_5_error_6.0"
        }
      ],
      "failure_count": 4
    }
  ],
  "source": "class_0253_e80",
  "n": 25,
  "edge_count": 80,
  "precision_digits": 100,
  "tolerance": "1e-40",
  "interpretation": "eliminated means all finite trilateration branches from the reported seed edge failed; survived means a numerically valid branch remains and needs exact/interval verification."
}