{
  "status": "eliminated",
  "seed_edge": [
    1,
    6
  ],
  "order": [
    [
      10,
      1,
      6
    ],
    [
      23,
      6,
      10
    ],
    [
      21,
      6,
      23
    ],
    [
      9,
      1,
      21
    ],
    [
      2,
      9,
      23
    ],
    [
      3,
      1,
      2
    ],
    [
      14,
      2,
      3
    ],
    [
      16,
      3,
      14
    ],
    [
      24,
      3,
      6
    ],
    [
      8,
      2,
      6
    ],
    [
      25,
      8,
      10
    ],
    [
      15,
      1,
      9
    ],
    [
      19,
      9,
      15
    ],
    [
      17,
      3,
      10
    ],
    [
      4,
      14,
      17
    ],
    [
      18,
      1,
      4
    ],
    [
      5,
      4,
      8
    ],
    [
      7,
      5,
      9
    ],
    [
      12,
      5,
      6
    ],
    [
      13,
      3,
      5
    ],
    [
      20,
      7,
      12
    ],
    [
      11,
      2,
      12
    ],
    [
      22,
      11,
      13
    ]
  ],
  "eliminated_at_step": 4,
  "max_width": 2,
  "eliminations": [
    {
      "step": 1,
      "vertex": 10,
      "anchors": [
        1,
        6
      ],
      "states_in": 1,
      "states_out": 2,
      "failures": [],
      "failure_count": 0
    },
    {
      "step": 2,
      "vertex": 23,
      "anchors": [
        6,
        10
      ],
      "states_in": 2,
      "states_out": 2,
      "failures": [
        {
          "state_index": 0,
          "vertex": 23,
          "anchors": [
            6,
            10
          ],
          "candidate": [
            "-7.143671195514218638848647176908380996574e-102",
            "0.0"
          ],
          "reason": "collision_23_1"
        },
        {
          "state_index": 1,
          "vertex": 23,
          "anchors": [
            6,
            10
          ],
          "candidate": [
            "-7.143671195514218638848647176908380996574e-102",
            "0.0"
          ],
          "reason": "collision_23_1"
        }
      ],
      "failure_count": 2
    },
    {
      "step": 3,
      "vertex": 21,
      "anchors": [
        6,
        23
      ],
      "states_in": 2,
      "states_out": 2,
      "failures": [
        {
          "state_index": 0,
          "vertex": 21,
          "anchors": [
            6,
            23
          ],
          "candidate": [
            "0.5",
            "0.8660254037844386467637231707529361834714"
          ],
          "reason": "collision_21_10"
        },
        {
          "state_index": 1,
          "vertex": 21,
          "anchors": [
            6,
            23
          ],
          "candidate": [
            "0.5",
            "-0.8660254037844386467637231707529361834714"
          ],
          "reason": "collision_21_10"
        }
      ],
      "failure_count": 2
    },
    {
      "step": 4,
      "vertex": 9,
      "anchors": [
        1,
        21
      ],
      "states_in": 2,
      "states_out": 0,
      "failures": [
        {
          "state_index": 0,
          "vertex": 9,
          "anchors": [
            1,
            21
          ],
          "candidate": [
            "1.0",
            "0.0"
          ],
          "reason": "collision_9_6"
        },
        {
          "state_index": 1,
          "vertex": 9,
          "anchors": [
            1,
            21
          ],
          "candidate": [
            "1.0",
            "0.0"
          ],
          "reason": "collision_9_6"
        }
      ],
      "failure_count": 2
    }
  ],
  "source": "class_0005_e81",
  "n": 25,
  "edge_count": 81,
  "precision_digits": 100,
  "tolerance": "1e-40",
  "interpretation": "eliminated means all finite trilateration branches from the reported seed edge failed; survived means a numerically valid branch remains and needs exact/interval verification."
}