{
  "status": "eliminated",
  "seed_edge": [
    1,
    18
  ],
  "order": [
    [
      22,
      1,
      18
    ],
    [
      20,
      18,
      22
    ],
    [
      24,
      1,
      18
    ],
    [
      15,
      20,
      24
    ],
    [
      5,
      15,
      22
    ],
    [
      12,
      5,
      15
    ],
    [
      7,
      1,
      12
    ],
    [
      16,
      5,
      7
    ],
    [
      3,
      7,
      16
    ],
    [
      10,
      7,
      16
    ],
    [
      14,
      3,
      15
    ],
    [
      4,
      3,
      14
    ],
    [
      17,
      4,
      10
    ],
    [
      23,
      1,
      4
    ],
    [
      19,
      7,
      14
    ],
    [
      11,
      14,
      16
    ],
    [
      8,
      4,
      11
    ],
    [
      2,
      7,
      8
    ],
    [
      21,
      2,
      3
    ],
    [
      13,
      8,
      10
    ],
    [
      9,
      5,
      10
    ],
    [
      6,
      2,
      9
    ],
    [
      25,
      1,
      4
    ]
  ],
  "eliminated_at_step": 4,
  "max_width": 2,
  "eliminations": [
    {
      "step": 1,
      "vertex": 22,
      "anchors": [
        1,
        18
      ],
      "states_in": 1,
      "states_out": 2,
      "failures": [],
      "failure_count": 0
    },
    {
      "step": 2,
      "vertex": 20,
      "anchors": [
        18,
        22
      ],
      "states_in": 2,
      "states_out": 2,
      "failures": [
        {
          "state_index": 0,
          "vertex": 20,
          "anchors": [
            18,
            22
          ],
          "candidate": [
            "-7.143671195514218638848647176908380996574e-102",
            "0.0"
          ],
          "reason": "collision_20_1"
        },
        {
          "state_index": 1,
          "vertex": 20,
          "anchors": [
            18,
            22
          ],
          "candidate": [
            "-7.143671195514218638848647176908380996574e-102",
            "0.0"
          ],
          "reason": "collision_20_1"
        }
      ],
      "failure_count": 2
    },
    {
      "step": 3,
      "vertex": 24,
      "anchors": [
        1,
        18
      ],
      "states_in": 2,
      "states_out": 2,
      "failures": [
        {
          "state_index": 0,
          "vertex": 24,
          "anchors": [
            1,
            18
          ],
          "candidate": [
            "0.5",
            "0.8660254037844386467637231707529361834714"
          ],
          "reason": "collision_24_22"
        },
        {
          "state_index": 1,
          "vertex": 24,
          "anchors": [
            1,
            18
          ],
          "candidate": [
            "0.5",
            "-0.8660254037844386467637231707529361834714"
          ],
          "reason": "collision_24_22"
        }
      ],
      "failure_count": 2
    },
    {
      "step": 4,
      "vertex": 15,
      "anchors": [
        20,
        24
      ],
      "states_in": 2,
      "states_out": 0,
      "failures": [
        {
          "state_index": 0,
          "vertex": 15,
          "anchors": [
            20,
            24
          ],
          "candidate": [
            "1.0",
            "0.0"
          ],
          "reason": "collision_15_18"
        },
        {
          "state_index": 1,
          "vertex": 15,
          "anchors": [
            20,
            24
          ],
          "candidate": [
            "1.0",
            "0.0"
          ],
          "reason": "collision_15_18"
        }
      ],
      "failure_count": 2
    }
  ],
  "source": "class_0011_e81",
  "n": 25,
  "edge_count": 81,
  "precision_digits": 100,
  "tolerance": "1e-40",
  "interpretation": "eliminated means all finite trilateration branches from the reported seed edge failed; survived means a numerically valid branch remains and needs exact/interval verification."
}