{
  "status": "eliminated",
  "seed_edge": [
    1,
    7
  ],
  "order": [
    [
      17,
      1,
      7
    ],
    [
      23,
      1,
      7
    ],
    [
      4,
      7,
      23
    ],
    [
      10,
      1,
      23
    ],
    [
      18,
      4,
      10
    ],
    [
      12,
      17,
      18
    ],
    [
      20,
      10,
      12
    ],
    [
      3,
      12,
      23
    ],
    [
      5,
      4,
      20
    ],
    [
      14,
      1,
      3
    ],
    [
      19,
      3,
      4
    ],
    [
      2,
      5,
      7
    ],
    [
      8,
      2,
      12
    ],
    [
      9,
      8,
      10
    ],
    [
      15,
      8,
      9
    ],
    [
      21,
      2,
      3
    ],
    [
      6,
      1,
      15
    ],
    [
      11,
      6,
      12
    ],
    [
      13,
      1,
      10
    ],
    [
      16,
      3,
      7
    ],
    [
      25,
      5,
      13
    ],
    [
      22,
      2,
      6
    ],
    [
      24,
      4,
      8
    ]
  ],
  "eliminated_at_step": 5,
  "max_width": 2,
  "eliminations": [
    {
      "step": 1,
      "vertex": 17,
      "anchors": [
        1,
        7
      ],
      "states_in": 1,
      "states_out": 2,
      "failures": [],
      "failure_count": 0
    },
    {
      "step": 2,
      "vertex": 23,
      "anchors": [
        1,
        7
      ],
      "states_in": 2,
      "states_out": 2,
      "failures": [
        {
          "state_index": 0,
          "vertex": 23,
          "anchors": [
            1,
            7
          ],
          "candidate": [
            "0.5",
            "0.8660254037844386467637231707529361834714"
          ],
          "reason": "collision_23_17"
        },
        {
          "state_index": 1,
          "vertex": 23,
          "anchors": [
            1,
            7
          ],
          "candidate": [
            "0.5",
            "-0.8660254037844386467637231707529361834714"
          ],
          "reason": "collision_23_17"
        }
      ],
      "failure_count": 2
    },
    {
      "step": 3,
      "vertex": 4,
      "anchors": [
        7,
        23
      ],
      "states_in": 2,
      "states_out": 2,
      "failures": [
        {
          "state_index": 0,
          "vertex": 4,
          "anchors": [
            7,
            23
          ],
          "candidate": [
            "-7.143671195514218638848647176908380996574e-102",
            "0.0"
          ],
          "reason": "collision_4_1"
        },
        {
          "state_index": 1,
          "vertex": 4,
          "anchors": [
            7,
            23
          ],
          "candidate": [
            "-7.143671195514218638848647176908380996574e-102",
            "0.0"
          ],
          "reason": "collision_4_1"
        }
      ],
      "failure_count": 2
    },
    {
      "step": 4,
      "vertex": 10,
      "anchors": [
        1,
        23
      ],
      "states_in": 2,
      "states_out": 2,
      "failures": [
        {
          "state_index": 0,
          "vertex": 10,
          "anchors": [
            1,
            23
          ],
          "candidate": [
            "1.0",
            "0.0"
          ],
          "reason": "collision_10_7"
        },
        {
          "state_index": 1,
          "vertex": 10,
          "anchors": [
            1,
            23
          ],
          "candidate": [
            "1.0",
            "0.0"
          ],
          "reason": "collision_10_7"
        }
      ],
      "failure_count": 2
    },
    {
      "step": 5,
      "vertex": 18,
      "anchors": [
        4,
        10
      ],
      "states_in": 2,
      "states_out": 0,
      "failures": [
        {
          "state_index": 0,
          "vertex": 18,
          "anchors": [
            4,
            10
          ],
          "candidate": [
            "0.5",
            "-0.8660254037844386467637231707529361834714"
          ],
          "reason": "edge_18_17_error_2.0"
        },
        {
          "state_index": 1,
          "vertex": 18,
          "anchors": [
            4,
            10
          ],
          "candidate": [
            "0.5",
            "0.8660254037844386467637231707529361834714"
          ],
          "reason": "edge_18_17_error_2.0"
        }
      ],
      "failure_count": 2
    }
  ],
  "source": "class_0335_e79",
  "n": 25,
  "edge_count": 79,
  "precision_digits": 100,
  "tolerance": "1e-40",
  "interpretation": "eliminated means all finite trilateration branches from the reported seed edge failed; survived means a numerically valid branch remains and needs exact/interval verification."
}