{
  "status": "eliminated",
  "seed_edge": [
    1,
    10
  ],
  "order": [
    [
      25,
      1,
      10
    ],
    [
      20,
      10,
      25
    ],
    [
      5,
      10,
      20
    ],
    [
      15,
      5,
      10
    ],
    [
      11,
      5,
      15
    ],
    [
      6,
      11,
      25
    ],
    [
      9,
      1,
      6
    ],
    [
      12,
      6,
      11
    ],
    [
      7,
      1,
      9
    ],
    [
      8,
      7,
      11
    ],
    [
      3,
      7,
      8
    ],
    [
      18,
      3,
      7
    ],
    [
      13,
      8,
      12
    ],
    [
      21,
      7,
      12
    ],
    [
      17,
      3,
      6
    ],
    [
      19,
      1,
      5
    ],
    [
      4,
      6,
      13
    ],
    [
      14,
      1,
      3
    ],
    [
      2,
      4,
      8
    ],
    [
      22,
      2,
      5
    ],
    [
      16,
      3,
      14
    ],
    [
      23,
      1,
      8
    ],
    [
      24,
      12,
      16
    ]
  ],
  "eliminated_at_step": 6,
  "max_width": 2,
  "eliminations": [
    {
      "step": 1,
      "vertex": 25,
      "anchors": [
        1,
        10
      ],
      "states_in": 1,
      "states_out": 2,
      "failures": [],
      "failure_count": 0
    },
    {
      "step": 2,
      "vertex": 20,
      "anchors": [
        10,
        25
      ],
      "states_in": 2,
      "states_out": 2,
      "failures": [
        {
          "state_index": 0,
          "vertex": 20,
          "anchors": [
            10,
            25
          ],
          "candidate": [
            "-7.143671195514218638848647176908380996574e-102",
            "0.0"
          ],
          "reason": "collision_20_1"
        },
        {
          "state_index": 1,
          "vertex": 20,
          "anchors": [
            10,
            25
          ],
          "candidate": [
            "-7.143671195514218638848647176908380996574e-102",
            "0.0"
          ],
          "reason": "collision_20_1"
        }
      ],
      "failure_count": 2
    },
    {
      "step": 3,
      "vertex": 5,
      "anchors": [
        10,
        20
      ],
      "states_in": 2,
      "states_out": 2,
      "failures": [
        {
          "state_index": 0,
          "vertex": 5,
          "anchors": [
            10,
            20
          ],
          "candidate": [
            "0.5",
            "0.8660254037844386467637231707529361834714"
          ],
          "reason": "collision_5_25"
        },
        {
          "state_index": 1,
          "vertex": 5,
          "anchors": [
            10,
            20
          ],
          "candidate": [
            "0.5",
            "-0.8660254037844386467637231707529361834714"
          ],
          "reason": "collision_5_25"
        }
      ],
      "failure_count": 2
    },
    {
      "step": 4,
      "vertex": 15,
      "anchors": [
        5,
        10
      ],
      "states_in": 2,
      "states_out": 2,
      "failures": [
        {
          "state_index": 0,
          "vertex": 15,
          "anchors": [
            5,
            10
          ],
          "candidate": [
            "1.5",
            "0.8660254037844386467637231707529361834714"
          ],
          "reason": "collision_15_20"
        },
        {
          "state_index": 1,
          "vertex": 15,
          "anchors": [
            5,
            10
          ],
          "candidate": [
            "1.5",
            "-0.8660254037844386467637231707529361834714"
          ],
          "reason": "collision_15_20"
        }
      ],
      "failure_count": 2
    },
    {
      "step": 5,
      "vertex": 11,
      "anchors": [
        5,
        15
      ],
      "states_in": 2,
      "states_out": 2,
      "failures": [
        {
          "state_index": 0,
          "vertex": 11,
          "anchors": [
            5,
            15
          ],
          "candidate": [
            "1.0",
            "0.0"
          ],
          "reason": "collision_11_10"
        },
        {
          "state_index": 1,
          "vertex": 11,
          "anchors": [
            5,
            15
          ],
          "candidate": [
            "1.0",
            "0.0"
          ],
          "reason": "collision_11_10"
        }
      ],
      "failure_count": 2
    },
    {
      "step": 6,
      "vertex": 6,
      "anchors": [
        11,
        25
      ],
      "states_in": 2,
      "states_out": 0,
      "failures": [
        {
          "state_index": 0,
          "vertex": 6,
          "anchors": [
            11,
            25
          ],
          "reason": "anchor_circles_do_not_intersect"
        },
        {
          "state_index": 1,
          "vertex": 6,
          "anchors": [
            11,
            25
          ],
          "reason": "anchor_circles_do_not_intersect"
        }
      ],
      "failure_count": 2
    }
  ],
  "source": "class_0379_e79",
  "n": 25,
  "edge_count": 79,
  "precision_digits": 100,
  "tolerance": "1e-40",
  "interpretation": "eliminated means all finite trilateration branches from the reported seed edge failed; survived means a numerically valid branch remains and needs exact/interval verification."
}