{
  "status": "eliminated",
  "seed_edge": [
    1,
    13
  ],
  "order": [
    [
      17,
      1,
      13
    ],
    [
      8,
      13,
      17
    ],
    [
      25,
      8,
      13
    ],
    [
      9,
      13,
      25
    ],
    [
      10,
      8,
      25
    ],
    [
      11,
      9,
      17
    ],
    [
      18,
      9,
      10
    ],
    [
      21,
      1,
      10
    ],
    [
      3,
      8,
      11
    ],
    [
      14,
      1,
      3
    ],
    [
      19,
      10,
      14
    ],
    [
      2,
      3,
      13
    ],
    [
      4,
      2,
      13
    ],
    [
      5,
      11,
      14
    ],
    [
      24,
      1,
      5
    ],
    [
      22,
      4,
      5
    ],
    [
      6,
      17,
      19
    ],
    [
      12,
      2,
      3
    ],
    [
      20,
      1,
      12
    ],
    [
      23,
      2,
      10
    ],
    [
      7,
      3,
      4
    ],
    [
      15,
      5,
      7
    ],
    [
      16,
      1,
      4
    ]
  ],
  "eliminated_at_step": 6,
  "max_width": 2,
  "eliminations": [
    {
      "step": 1,
      "vertex": 17,
      "anchors": [
        1,
        13
      ],
      "states_in": 1,
      "states_out": 2,
      "failures": [],
      "failure_count": 0
    },
    {
      "step": 2,
      "vertex": 8,
      "anchors": [
        13,
        17
      ],
      "states_in": 2,
      "states_out": 2,
      "failures": [
        {
          "state_index": 0,
          "vertex": 8,
          "anchors": [
            13,
            17
          ],
          "candidate": [
            "-7.143671195514218638848647176908380996574e-102",
            "0.0"
          ],
          "reason": "collision_8_1"
        },
        {
          "state_index": 1,
          "vertex": 8,
          "anchors": [
            13,
            17
          ],
          "candidate": [
            "-7.143671195514218638848647176908380996574e-102",
            "0.0"
          ],
          "reason": "collision_8_1"
        }
      ],
      "failure_count": 2
    },
    {
      "step": 3,
      "vertex": 25,
      "anchors": [
        8,
        13
      ],
      "states_in": 2,
      "states_out": 2,
      "failures": [
        {
          "state_index": 0,
          "vertex": 25,
          "anchors": [
            8,
            13
          ],
          "candidate": [
            "0.5",
            "0.8660254037844386467637231707529361834714"
          ],
          "reason": "collision_25_17"
        },
        {
          "state_index": 1,
          "vertex": 25,
          "anchors": [
            8,
            13
          ],
          "candidate": [
            "0.5",
            "-0.8660254037844386467637231707529361834714"
          ],
          "reason": "collision_25_17"
        }
      ],
      "failure_count": 2
    },
    {
      "step": 4,
      "vertex": 9,
      "anchors": [
        13,
        25
      ],
      "states_in": 2,
      "states_out": 2,
      "failures": [
        {
          "state_index": 0,
          "vertex": 9,
          "anchors": [
            13,
            25
          ],
          "candidate": [
            "1.5",
            "0.8660254037844386467637231707529361834714"
          ],
          "reason": "collision_9_8"
        },
        {
          "state_index": 1,
          "vertex": 9,
          "anchors": [
            13,
            25
          ],
          "candidate": [
            "1.5",
            "-0.8660254037844386467637231707529361834714"
          ],
          "reason": "collision_9_8"
        }
      ],
      "failure_count": 2
    },
    {
      "step": 5,
      "vertex": 10,
      "anchors": [
        8,
        25
      ],
      "states_in": 2,
      "states_out": 2,
      "failures": [
        {
          "state_index": 0,
          "vertex": 10,
          "anchors": [
            8,
            25
          ],
          "candidate": [
            "1.0",
            "0.0"
          ],
          "reason": "collision_10_13"
        },
        {
          "state_index": 1,
          "vertex": 10,
          "anchors": [
            8,
            25
          ],
          "candidate": [
            "1.0",
            "0.0"
          ],
          "reason": "collision_10_13"
        }
      ],
      "failure_count": 2
    },
    {
      "step": 6,
      "vertex": 11,
      "anchors": [
        9,
        17
      ],
      "states_in": 2,
      "states_out": 0,
      "failures": [
        {
          "state_index": 0,
          "vertex": 11,
          "anchors": [
            9,
            17
          ],
          "candidate": [
            "1.0",
            "0.0"
          ],
          "reason": "collision_11_13"
        },
        {
          "state_index": 1,
          "vertex": 11,
          "anchors": [
            9,
            17
          ],
          "candidate": [
            "1.0",
            "0.0"
          ],
          "reason": "collision_11_13"
        }
      ],
      "failure_count": 2
    }
  ],
  "source": "class_0028_e81",
  "n": 25,
  "edge_count": 81,
  "precision_digits": 100,
  "tolerance": "1e-40",
  "interpretation": "eliminated means all finite trilateration branches from the reported seed edge failed; survived means a numerically valid branch remains and needs exact/interval verification."
}