{
  "status": "eliminated",
  "seed_edge": [
    1,
    4
  ],
  "order": [
    [
      12,
      1,
      4
    ],
    [
      23,
      4,
      12
    ],
    [
      6,
      4,
      23
    ],
    [
      13,
      6,
      23
    ],
    [
      11,
      12,
      13
    ],
    [
      25,
      1,
      11
    ],
    [
      2,
      11,
      25
    ],
    [
      21,
      2,
      4
    ],
    [
      20,
      11,
      12
    ],
    [
      5,
      20,
      21
    ],
    [
      8,
      5,
      6
    ],
    [
      10,
      8,
      20
    ],
    [
      16,
      1,
      8
    ],
    [
      15,
      6,
      13
    ],
    [
      22,
      2,
      12
    ],
    [
      14,
      5,
      13
    ],
    [
      3,
      1,
      14
    ],
    [
      7,
      2,
      3
    ],
    [
      18,
      2,
      3
    ],
    [
      17,
      1,
      5
    ],
    [
      19,
      8,
      12
    ],
    [
      24,
      10,
      11
    ],
    [
      9,
      7,
      16
    ]
  ],
  "eliminated_at_step": 5,
  "max_width": 2,
  "eliminations": [
    {
      "step": 1,
      "vertex": 12,
      "anchors": [
        1,
        4
      ],
      "states_in": 1,
      "states_out": 2,
      "failures": [],
      "failure_count": 0
    },
    {
      "step": 2,
      "vertex": 23,
      "anchors": [
        4,
        12
      ],
      "states_in": 2,
      "states_out": 2,
      "failures": [
        {
          "state_index": 0,
          "vertex": 23,
          "anchors": [
            4,
            12
          ],
          "candidate": [
            "-7.143671195514218638848647176908380996574e-102",
            "0.0"
          ],
          "reason": "collision_23_1"
        },
        {
          "state_index": 1,
          "vertex": 23,
          "anchors": [
            4,
            12
          ],
          "candidate": [
            "-7.143671195514218638848647176908380996574e-102",
            "0.0"
          ],
          "reason": "collision_23_1"
        }
      ],
      "failure_count": 2
    },
    {
      "step": 3,
      "vertex": 6,
      "anchors": [
        4,
        23
      ],
      "states_in": 2,
      "states_out": 2,
      "failures": [
        {
          "state_index": 0,
          "vertex": 6,
          "anchors": [
            4,
            23
          ],
          "candidate": [
            "0.5",
            "0.8660254037844386467637231707529361834714"
          ],
          "reason": "collision_6_12"
        },
        {
          "state_index": 1,
          "vertex": 6,
          "anchors": [
            4,
            23
          ],
          "candidate": [
            "0.5",
            "-0.8660254037844386467637231707529361834714"
          ],
          "reason": "collision_6_12"
        }
      ],
      "failure_count": 2
    },
    {
      "step": 4,
      "vertex": 13,
      "anchors": [
        6,
        23
      ],
      "states_in": 2,
      "states_out": 2,
      "failures": [
        {
          "state_index": 0,
          "vertex": 13,
          "anchors": [
            6,
            23
          ],
          "candidate": [
            "1.0",
            "0.0"
          ],
          "reason": "collision_13_4"
        },
        {
          "state_index": 1,
          "vertex": 13,
          "anchors": [
            6,
            23
          ],
          "candidate": [
            "1.0",
            "0.0"
          ],
          "reason": "collision_13_4"
        }
      ],
      "failure_count": 2
    },
    {
      "step": 5,
      "vertex": 11,
      "anchors": [
        12,
        13
      ],
      "states_in": 2,
      "states_out": 0,
      "failures": [
        {
          "state_index": 0,
          "vertex": 11,
          "anchors": [
            12,
            13
          ],
          "candidate": [
            "1.5",
            "0.8660254037844386467637231707529361834714"
          ],
          "reason": "collision_11_23"
        },
        {
          "state_index": 1,
          "vertex": 11,
          "anchors": [
            12,
            13
          ],
          "candidate": [
            "1.5",
            "-0.8660254037844386467637231707529361834714"
          ],
          "reason": "collision_11_23"
        }
      ],
      "failure_count": 2
    }
  ],
  "source": "class_0176_e80",
  "n": 25,
  "edge_count": 80,
  "precision_digits": 100,
  "tolerance": "1e-40",
  "interpretation": "eliminated means all finite trilateration branches from the reported seed edge failed; survived means a numerically valid branch remains and needs exact/interval verification."
}