{
  "status": "eliminated",
  "seed_edge": [
    1,
    8
  ],
  "order": [
    [
      25,
      1,
      8
    ],
    [
      18,
      8,
      25
    ],
    [
      12,
      8,
      18
    ],
    [
      23,
      1,
      12
    ],
    [
      9,
      12,
      23
    ],
    [
      17,
      1,
      9
    ],
    [
      19,
      9,
      17
    ],
    [
      2,
      9,
      12
    ],
    [
      4,
      2,
      18
    ],
    [
      5,
      2,
      17
    ],
    [
      15,
      2,
      4
    ],
    [
      10,
      2,
      9
    ],
    [
      22,
      8,
      10
    ],
    [
      11,
      4,
      10
    ],
    [
      20,
      5,
      11
    ],
    [
      7,
      11,
      12
    ],
    [
      16,
      1,
      7
    ],
    [
      6,
      10,
      11
    ],
    [
      13,
      5,
      6
    ],
    [
      3,
      6,
      8
    ],
    [
      14,
      4,
      13
    ],
    [
      21,
      1,
      2
    ],
    [
      24,
      7,
      14
    ]
  ],
  "eliminated_at_step": 4,
  "max_width": 2,
  "eliminations": [
    {
      "step": 1,
      "vertex": 25,
      "anchors": [
        1,
        8
      ],
      "states_in": 1,
      "states_out": 2,
      "failures": [],
      "failure_count": 0
    },
    {
      "step": 2,
      "vertex": 18,
      "anchors": [
        8,
        25
      ],
      "states_in": 2,
      "states_out": 2,
      "failures": [
        {
          "state_index": 0,
          "vertex": 18,
          "anchors": [
            8,
            25
          ],
          "candidate": [
            "-7.143671195514218638848647176908380996574e-102",
            "0.0"
          ],
          "reason": "collision_18_1"
        },
        {
          "state_index": 1,
          "vertex": 18,
          "anchors": [
            8,
            25
          ],
          "candidate": [
            "-7.143671195514218638848647176908380996574e-102",
            "0.0"
          ],
          "reason": "collision_18_1"
        }
      ],
      "failure_count": 2
    },
    {
      "step": 3,
      "vertex": 12,
      "anchors": [
        8,
        18
      ],
      "states_in": 2,
      "states_out": 2,
      "failures": [
        {
          "state_index": 0,
          "vertex": 12,
          "anchors": [
            8,
            18
          ],
          "candidate": [
            "0.5",
            "0.8660254037844386467637231707529361834714"
          ],
          "reason": "collision_12_25"
        },
        {
          "state_index": 1,
          "vertex": 12,
          "anchors": [
            8,
            18
          ],
          "candidate": [
            "0.5",
            "-0.8660254037844386467637231707529361834714"
          ],
          "reason": "collision_12_25"
        }
      ],
      "failure_count": 2
    },
    {
      "step": 4,
      "vertex": 23,
      "anchors": [
        1,
        12
      ],
      "states_in": 2,
      "states_out": 0,
      "failures": [
        {
          "state_index": 0,
          "vertex": 23,
          "anchors": [
            1,
            12
          ],
          "candidate": [
            "1.0",
            "0.0"
          ],
          "reason": "collision_23_8"
        },
        {
          "state_index": 1,
          "vertex": 23,
          "anchors": [
            1,
            12
          ],
          "candidate": [
            "1.0",
            "0.0"
          ],
          "reason": "collision_23_8"
        }
      ],
      "failure_count": 2
    }
  ],
  "source": "class_0042_e81",
  "n": 25,
  "edge_count": 81,
  "precision_digits": 100,
  "tolerance": "1e-40",
  "interpretation": "eliminated means all finite trilateration branches from the reported seed edge failed; survived means a numerically valid branch remains and needs exact/interval verification."
}