{
  "status": "eliminated",
  "seed_edge": [
    1,
    3
  ],
  "order": [
    [
      21,
      1,
      3
    ],
    [
      22,
      1,
      3
    ],
    [
      10,
      3,
      22
    ],
    [
      19,
      10,
      22
    ],
    [
      7,
      10,
      19
    ],
    [
      2,
      7,
      21
    ],
    [
      17,
      1,
      2
    ],
    [
      4,
      2,
      3
    ],
    [
      9,
      2,
      4
    ],
    [
      18,
      1,
      4
    ],
    [
      25,
      9,
      10
    ],
    [
      6,
      10,
      17
    ],
    [
      8,
      3,
      4
    ],
    [
      15,
      8,
      9
    ],
    [
      11,
      1,
      7
    ],
    [
      13,
      1,
      6
    ],
    [
      16,
      13,
      15
    ],
    [
      20,
      8,
      16
    ],
    [
      14,
      2,
      8
    ],
    [
      23,
      10,
      11
    ],
    [
      24,
      3,
      4
    ],
    [
      12,
      2,
      6
    ],
    [
      5,
      9,
      12
    ]
  ],
  "eliminated_at_step": 6,
  "max_width": 2,
  "eliminations": [
    {
      "step": 1,
      "vertex": 21,
      "anchors": [
        1,
        3
      ],
      "states_in": 1,
      "states_out": 2,
      "failures": [],
      "failure_count": 0
    },
    {
      "step": 2,
      "vertex": 22,
      "anchors": [
        1,
        3
      ],
      "states_in": 2,
      "states_out": 2,
      "failures": [
        {
          "state_index": 0,
          "vertex": 22,
          "anchors": [
            1,
            3
          ],
          "candidate": [
            "0.5",
            "0.8660254037844386467637231707529361834714"
          ],
          "reason": "collision_22_21"
        },
        {
          "state_index": 1,
          "vertex": 22,
          "anchors": [
            1,
            3
          ],
          "candidate": [
            "0.5",
            "-0.8660254037844386467637231707529361834714"
          ],
          "reason": "collision_22_21"
        }
      ],
      "failure_count": 2
    },
    {
      "step": 3,
      "vertex": 10,
      "anchors": [
        3,
        22
      ],
      "states_in": 2,
      "states_out": 2,
      "failures": [
        {
          "state_index": 0,
          "vertex": 10,
          "anchors": [
            3,
            22
          ],
          "candidate": [
            "-7.143671195514218638848647176908380996574e-102",
            "0.0"
          ],
          "reason": "collision_10_1"
        },
        {
          "state_index": 1,
          "vertex": 10,
          "anchors": [
            3,
            22
          ],
          "candidate": [
            "-7.143671195514218638848647176908380996574e-102",
            "0.0"
          ],
          "reason": "collision_10_1"
        }
      ],
      "failure_count": 2
    },
    {
      "step": 4,
      "vertex": 19,
      "anchors": [
        10,
        22
      ],
      "states_in": 2,
      "states_out": 2,
      "failures": [
        {
          "state_index": 0,
          "vertex": 19,
          "anchors": [
            10,
            22
          ],
          "candidate": [
            "1.0",
            "0.0"
          ],
          "reason": "collision_19_3"
        },
        {
          "state_index": 1,
          "vertex": 19,
          "anchors": [
            10,
            22
          ],
          "candidate": [
            "1.0",
            "0.0"
          ],
          "reason": "collision_19_3"
        }
      ],
      "failure_count": 2
    },
    {
      "step": 5,
      "vertex": 7,
      "anchors": [
        10,
        19
      ],
      "states_in": 2,
      "states_out": 2,
      "failures": [
        {
          "state_index": 0,
          "vertex": 7,
          "anchors": [
            10,
            19
          ],
          "candidate": [
            "0.5",
            "-0.8660254037844386467637231707529361834714"
          ],
          "reason": "collision_7_22"
        },
        {
          "state_index": 1,
          "vertex": 7,
          "anchors": [
            10,
            19
          ],
          "candidate": [
            "0.5",
            "0.8660254037844386467637231707529361834714"
          ],
          "reason": "collision_7_22"
        }
      ],
      "failure_count": 2
    },
    {
      "step": 6,
      "vertex": 2,
      "anchors": [
        7,
        21
      ],
      "states_in": 2,
      "states_out": 0,
      "failures": [
        {
          "state_index": 0,
          "vertex": 2,
          "anchors": [
            7,
            21
          ],
          "reason": "anchor_circles_do_not_intersect"
        },
        {
          "state_index": 1,
          "vertex": 2,
          "anchors": [
            7,
            21
          ],
          "reason": "anchor_circles_do_not_intersect"
        }
      ],
      "failure_count": 2
    }
  ],
  "source": "class_0052_e81",
  "n": 25,
  "edge_count": 81,
  "precision_digits": 100,
  "tolerance": "1e-40",
  "interpretation": "eliminated means all finite trilateration branches from the reported seed edge failed; survived means a numerically valid branch remains and needs exact/interval verification."
}