{
  "status": "eliminated",
  "seed_edge": [
    1,
    4
  ],
  "order": [
    [
      9,
      1,
      4
    ],
    [
      23,
      1,
      4
    ],
    [
      12,
      4,
      23
    ],
    [
      22,
      9,
      12
    ],
    [
      3,
      22,
      23
    ],
    [
      2,
      3,
      23
    ],
    [
      11,
      2,
      12
    ],
    [
      5,
      2,
      9
    ],
    [
      6,
      2,
      5
    ],
    [
      7,
      3,
      5
    ],
    [
      15,
      3,
      4
    ],
    [
      24,
      4,
      6
    ],
    [
      10,
      1,
      11
    ],
    [
      13,
      1,
      2
    ],
    [
      14,
      7,
      12
    ],
    [
      17,
      1,
      10
    ],
    [
      18,
      6,
      9
    ],
    [
      16,
      10,
      15
    ],
    [
      21,
      2,
      10
    ],
    [
      8,
      13,
      16
    ],
    [
      20,
      5,
      8
    ],
    [
      19,
      5,
      10
    ],
    [
      25,
      3,
      8
    ]
  ],
  "eliminated_at_step": 4,
  "max_width": 2,
  "eliminations": [
    {
      "step": 1,
      "vertex": 9,
      "anchors": [
        1,
        4
      ],
      "states_in": 1,
      "states_out": 2,
      "failures": [],
      "failure_count": 0
    },
    {
      "step": 2,
      "vertex": 23,
      "anchors": [
        1,
        4
      ],
      "states_in": 2,
      "states_out": 2,
      "failures": [
        {
          "state_index": 0,
          "vertex": 23,
          "anchors": [
            1,
            4
          ],
          "candidate": [
            "0.5",
            "0.8660254037844386467637231707529361834714"
          ],
          "reason": "collision_23_9"
        },
        {
          "state_index": 1,
          "vertex": 23,
          "anchors": [
            1,
            4
          ],
          "candidate": [
            "0.5",
            "-0.8660254037844386467637231707529361834714"
          ],
          "reason": "collision_23_9"
        }
      ],
      "failure_count": 2
    },
    {
      "step": 3,
      "vertex": 12,
      "anchors": [
        4,
        23
      ],
      "states_in": 2,
      "states_out": 2,
      "failures": [
        {
          "state_index": 0,
          "vertex": 12,
          "anchors": [
            4,
            23
          ],
          "candidate": [
            "-7.143671195514218638848647176908380996574e-102",
            "0.0"
          ],
          "reason": "collision_12_1"
        },
        {
          "state_index": 1,
          "vertex": 12,
          "anchors": [
            4,
            23
          ],
          "candidate": [
            "-7.143671195514218638848647176908380996574e-102",
            "0.0"
          ],
          "reason": "collision_12_1"
        }
      ],
      "failure_count": 2
    },
    {
      "step": 4,
      "vertex": 22,
      "anchors": [
        9,
        12
      ],
      "states_in": 2,
      "states_out": 0,
      "failures": [
        {
          "state_index": 0,
          "vertex": 22,
          "anchors": [
            9,
            12
          ],
          "candidate": [
            "1.0",
            "0.0"
          ],
          "reason": "collision_22_4"
        },
        {
          "state_index": 1,
          "vertex": 22,
          "anchors": [
            9,
            12
          ],
          "candidate": [
            "1.0",
            "0.0"
          ],
          "reason": "collision_22_4"
        }
      ],
      "failure_count": 2
    }
  ],
  "source": "class_0380_e79",
  "n": 25,
  "edge_count": 79,
  "precision_digits": 100,
  "tolerance": "1e-40",
  "interpretation": "eliminated means all finite trilateration branches from the reported seed edge failed; survived means a numerically valid branch remains and needs exact/interval verification."
}