{
  "status": "eliminated",
  "seed_edge": [
    1,
    3
  ],
  "order": [
    [
      17,
      1,
      3
    ],
    [
      11,
      3,
      17
    ],
    [
      15,
      3,
      11
    ],
    [
      10,
      11,
      15
    ],
    [
      13,
      10,
      15
    ],
    [
      18,
      13,
      17
    ],
    [
      25,
      10,
      17
    ],
    [
      23,
      1,
      10
    ],
    [
      12,
      13,
      18
    ],
    [
      6,
      3,
      12
    ],
    [
      7,
      6,
      12
    ],
    [
      14,
      3,
      6
    ],
    [
      4,
      1,
      14
    ],
    [
      8,
      4,
      7
    ],
    [
      21,
      4,
      8
    ],
    [
      19,
      1,
      7
    ],
    [
      2,
      8,
      10
    ],
    [
      24,
      2,
      4
    ],
    [
      9,
      2,
      17
    ],
    [
      20,
      1,
      4
    ],
    [
      16,
      9,
      12
    ],
    [
      5,
      7,
      16
    ],
    [
      22,
      3,
      9
    ]
  ],
  "eliminated_at_step": 6,
  "max_width": 2,
  "eliminations": [
    {
      "step": 1,
      "vertex": 17,
      "anchors": [
        1,
        3
      ],
      "states_in": 1,
      "states_out": 2,
      "failures": [],
      "failure_count": 0
    },
    {
      "step": 2,
      "vertex": 11,
      "anchors": [
        3,
        17
      ],
      "states_in": 2,
      "states_out": 2,
      "failures": [
        {
          "state_index": 0,
          "vertex": 11,
          "anchors": [
            3,
            17
          ],
          "candidate": [
            "-7.143671195514218638848647176908380996574e-102",
            "0.0"
          ],
          "reason": "collision_11_1"
        },
        {
          "state_index": 1,
          "vertex": 11,
          "anchors": [
            3,
            17
          ],
          "candidate": [
            "-7.143671195514218638848647176908380996574e-102",
            "0.0"
          ],
          "reason": "collision_11_1"
        }
      ],
      "failure_count": 2
    },
    {
      "step": 3,
      "vertex": 15,
      "anchors": [
        3,
        11
      ],
      "states_in": 2,
      "states_out": 2,
      "failures": [
        {
          "state_index": 0,
          "vertex": 15,
          "anchors": [
            3,
            11
          ],
          "candidate": [
            "0.5",
            "0.8660254037844386467637231707529361834714"
          ],
          "reason": "collision_15_17"
        },
        {
          "state_index": 1,
          "vertex": 15,
          "anchors": [
            3,
            11
          ],
          "candidate": [
            "0.5",
            "-0.8660254037844386467637231707529361834714"
          ],
          "reason": "collision_15_17"
        }
      ],
      "failure_count": 2
    },
    {
      "step": 4,
      "vertex": 10,
      "anchors": [
        11,
        15
      ],
      "states_in": 2,
      "states_out": 2,
      "failures": [
        {
          "state_index": 0,
          "vertex": 10,
          "anchors": [
            11,
            15
          ],
          "candidate": [
            "1.0",
            "0.0"
          ],
          "reason": "collision_10_3"
        },
        {
          "state_index": 1,
          "vertex": 10,
          "anchors": [
            11,
            15
          ],
          "candidate": [
            "1.0",
            "0.0"
          ],
          "reason": "collision_10_3"
        }
      ],
      "failure_count": 2
    },
    {
      "step": 5,
      "vertex": 13,
      "anchors": [
        10,
        15
      ],
      "states_in": 2,
      "states_out": 2,
      "failures": [
        {
          "state_index": 0,
          "vertex": 13,
          "anchors": [
            10,
            15
          ],
          "candidate": [
            "1.5",
            "0.8660254037844386467637231707529361834714"
          ],
          "reason": "collision_13_11"
        },
        {
          "state_index": 1,
          "vertex": 13,
          "anchors": [
            10,
            15
          ],
          "candidate": [
            "1.5",
            "-0.8660254037844386467637231707529361834714"
          ],
          "reason": "collision_13_11"
        }
      ],
      "failure_count": 2
    },
    {
      "step": 6,
      "vertex": 18,
      "anchors": [
        13,
        17
      ],
      "states_in": 2,
      "states_out": 0,
      "failures": [
        {
          "state_index": 0,
          "vertex": 18,
          "anchors": [
            13,
            17
          ],
          "reason": "anchor_circles_do_not_intersect"
        },
        {
          "state_index": 1,
          "vertex": 18,
          "anchors": [
            13,
            17
          ],
          "reason": "anchor_circles_do_not_intersect"
        }
      ],
      "failure_count": 2
    }
  ],
  "source": "class_0168_e80",
  "n": 25,
  "edge_count": 80,
  "precision_digits": 100,
  "tolerance": "1e-40",
  "interpretation": "eliminated means all finite trilateration branches from the reported seed edge failed; survived means a numerically valid branch remains and needs exact/interval verification."
}