{
  "status": "eliminated",
  "seed_edge": [
    1,
    3
  ],
  "order": [
    [
      11,
      1,
      3
    ],
    [
      12,
      1,
      3
    ],
    [
      20,
      3,
      11
    ],
    [
      21,
      12,
      20
    ],
    [
      2,
      1,
      21
    ],
    [
      9,
      2,
      11
    ],
    [
      25,
      2,
      3
    ],
    [
      6,
      9,
      12
    ],
    [
      17,
      20,
      21
    ],
    [
      7,
      1,
      6
    ],
    [
      5,
      6,
      7
    ],
    [
      15,
      2,
      5
    ],
    [
      10,
      1,
      7
    ],
    [
      24,
      6,
      9
    ],
    [
      13,
      5,
      10
    ],
    [
      14,
      9,
      17
    ],
    [
      8,
      3,
      14
    ],
    [
      18,
      3,
      5
    ],
    [
      19,
      3,
      8
    ],
    [
      22,
      12,
      13
    ],
    [
      23,
      6,
      7
    ],
    [
      4,
      2,
      14
    ],
    [
      16,
      2,
      4
    ]
  ],
  "eliminated_at_step": 4,
  "max_width": 2,
  "eliminations": [
    {
      "step": 1,
      "vertex": 11,
      "anchors": [
        1,
        3
      ],
      "states_in": 1,
      "states_out": 2,
      "failures": [],
      "failure_count": 0
    },
    {
      "step": 2,
      "vertex": 12,
      "anchors": [
        1,
        3
      ],
      "states_in": 2,
      "states_out": 2,
      "failures": [
        {
          "state_index": 0,
          "vertex": 12,
          "anchors": [
            1,
            3
          ],
          "candidate": [
            "0.5",
            "0.8660254037844386467637231707529361834714"
          ],
          "reason": "collision_12_11"
        },
        {
          "state_index": 1,
          "vertex": 12,
          "anchors": [
            1,
            3
          ],
          "candidate": [
            "0.5",
            "-0.8660254037844386467637231707529361834714"
          ],
          "reason": "collision_12_11"
        }
      ],
      "failure_count": 2
    },
    {
      "step": 3,
      "vertex": 20,
      "anchors": [
        3,
        11
      ],
      "states_in": 2,
      "states_out": 2,
      "failures": [
        {
          "state_index": 0,
          "vertex": 20,
          "anchors": [
            3,
            11
          ],
          "candidate": [
            "-7.143671195514218638848647176908380996574e-102",
            "0.0"
          ],
          "reason": "collision_20_1"
        },
        {
          "state_index": 1,
          "vertex": 20,
          "anchors": [
            3,
            11
          ],
          "candidate": [
            "-7.143671195514218638848647176908380996574e-102",
            "0.0"
          ],
          "reason": "collision_20_1"
        }
      ],
      "failure_count": 2
    },
    {
      "step": 4,
      "vertex": 21,
      "anchors": [
        12,
        20
      ],
      "states_in": 2,
      "states_out": 0,
      "failures": [
        {
          "state_index": 0,
          "vertex": 21,
          "anchors": [
            12,
            20
          ],
          "candidate": [
            "1.0",
            "0.0"
          ],
          "reason": "collision_21_3"
        },
        {
          "state_index": 1,
          "vertex": 21,
          "anchors": [
            12,
            20
          ],
          "candidate": [
            "1.0",
            "0.0"
          ],
          "reason": "collision_21_3"
        }
      ],
      "failure_count": 2
    }
  ],
  "source": "class_0047_e81",
  "n": 25,
  "edge_count": 81,
  "precision_digits": 100,
  "tolerance": "1e-40",
  "interpretation": "eliminated means all finite trilateration branches from the reported seed edge failed; survived means a numerically valid branch remains and needs exact/interval verification."
}