{
  "status": "eliminated",
  "seed_edge": [
    1,
    14
  ],
  "order": [
    [
      21,
      1,
      14
    ],
    [
      10,
      14,
      21
    ],
    [
      11,
      10,
      14
    ],
    [
      19,
      10,
      11
    ],
    [
      7,
      1,
      19
    ],
    [
      4,
      7,
      11
    ],
    [
      2,
      1,
      4
    ],
    [
      9,
      2,
      4
    ],
    [
      18,
      7,
      9
    ],
    [
      24,
      2,
      19
    ],
    [
      5,
      7,
      18
    ],
    [
      8,
      5,
      9
    ],
    [
      3,
      5,
      11
    ],
    [
      6,
      3,
      14
    ],
    [
      13,
      6,
      8
    ],
    [
      15,
      2,
      4
    ],
    [
      17,
      2,
      5
    ],
    [
      20,
      5,
      10
    ],
    [
      16,
      4,
      6
    ],
    [
      23,
      6,
      7
    ],
    [
      25,
      1,
      3
    ],
    [
      12,
      11,
      15
    ],
    [
      22,
      1,
      8
    ]
  ],
  "eliminated_at_step": 5,
  "max_width": 2,
  "eliminations": [
    {
      "step": 1,
      "vertex": 21,
      "anchors": [
        1,
        14
      ],
      "states_in": 1,
      "states_out": 2,
      "failures": [],
      "failure_count": 0
    },
    {
      "step": 2,
      "vertex": 10,
      "anchors": [
        14,
        21
      ],
      "states_in": 2,
      "states_out": 2,
      "failures": [
        {
          "state_index": 0,
          "vertex": 10,
          "anchors": [
            14,
            21
          ],
          "candidate": [
            "-7.143671195514218638848647176908380996574e-102",
            "0.0"
          ],
          "reason": "collision_10_1"
        },
        {
          "state_index": 1,
          "vertex": 10,
          "anchors": [
            14,
            21
          ],
          "candidate": [
            "-7.143671195514218638848647176908380996574e-102",
            "0.0"
          ],
          "reason": "collision_10_1"
        }
      ],
      "failure_count": 2
    },
    {
      "step": 3,
      "vertex": 11,
      "anchors": [
        10,
        14
      ],
      "states_in": 2,
      "states_out": 2,
      "failures": [
        {
          "state_index": 0,
          "vertex": 11,
          "anchors": [
            10,
            14
          ],
          "candidate": [
            "0.5",
            "0.8660254037844386467637231707529361834714"
          ],
          "reason": "collision_11_21"
        },
        {
          "state_index": 1,
          "vertex": 11,
          "anchors": [
            10,
            14
          ],
          "candidate": [
            "0.5",
            "-0.8660254037844386467637231707529361834714"
          ],
          "reason": "collision_11_21"
        }
      ],
      "failure_count": 2
    },
    {
      "step": 4,
      "vertex": 19,
      "anchors": [
        10,
        11
      ],
      "states_in": 2,
      "states_out": 2,
      "failures": [
        {
          "state_index": 0,
          "vertex": 19,
          "anchors": [
            10,
            11
          ],
          "candidate": [
            "1.0",
            "0.0"
          ],
          "reason": "collision_19_14"
        },
        {
          "state_index": 1,
          "vertex": 19,
          "anchors": [
            10,
            11
          ],
          "candidate": [
            "1.0",
            "0.0"
          ],
          "reason": "collision_19_14"
        }
      ],
      "failure_count": 2
    },
    {
      "step": 5,
      "vertex": 7,
      "anchors": [
        1,
        19
      ],
      "states_in": 2,
      "states_out": 0,
      "failures": [
        {
          "state_index": 0,
          "vertex": 7,
          "anchors": [
            1,
            19
          ],
          "reason": "anchor_circles_do_not_intersect"
        },
        {
          "state_index": 1,
          "vertex": 7,
          "anchors": [
            1,
            19
          ],
          "reason": "anchor_circles_do_not_intersect"
        }
      ],
      "failure_count": 2
    }
  ],
  "source": "class_0424_e79",
  "n": 25,
  "edge_count": 79,
  "precision_digits": 100,
  "tolerance": "1e-40",
  "interpretation": "eliminated means all finite trilateration branches from the reported seed edge failed; survived means a numerically valid branch remains and needs exact/interval verification."
}