{
  "full_edges": [
    [
      1,
      2
    ],
    [
      1,
      4
    ],
    [
      1,
      6
    ],
    [
      1,
      10
    ],
    [
      2,
      3
    ],
    [
      2,
      6
    ],
    [
      2,
      12
    ],
    [
      3,
      7
    ],
    [
      3,
      9
    ],
    [
      3,
      11
    ],
    [
      3,
      12
    ],
    [
      4,
      8
    ],
    [
      4,
      9
    ],
    [
      4,
      10
    ],
    [
      4,
      12
    ],
    [
      5,
      6
    ],
    [
      5,
      7
    ],
    [
      5,
      10
    ],
    [
      5,
      11
    ],
    [
      6,
      7
    ],
    [
      6,
      8
    ],
    [
      7,
      9
    ],
    [
      8,
      11
    ],
    [
      8,
      12
    ],
    [
      9,
      10
    ]
  ],
  "removed_edges": [
    [
      1,
      2
    ],
    [
      1,
      4
    ],
    [
      1,
      6
    ],
    [
      1,
      10
    ],
    [
      2,
      3
    ],
    [
      2,
      6
    ],
    [
      2,
      12
    ],
    [
      3,
      7
    ],
    [
      3,
      9
    ],
    [
      3,
      11
    ],
    [
      4,
      8
    ],
    [
      4,
      9
    ],
    [
      4,
      10
    ],
    [
      4,
      12
    ],
    [
      5,
      6
    ],
    [
      5,
      7
    ],
    [
      5,
      10
    ],
    [
      5,
      11
    ],
    [
      6,
      7
    ],
    [
      6,
      8
    ],
    [
      7,
      9
    ],
    [
      8,
      11
    ],
    [
      8,
      12
    ],
    [
      9,
      10
    ]
  ],
  "removed_pair": [
    3,
    12
  ],
  "common_neighbors_3_12": [
    2
  ],
  "relations": [],
  "branch_counts": {
    "d2≈3": 348,
    "d2≈0": 384
  },
  "d2_summary": {
    "count": 732,
    "min": 0.0,
    "max": 3.000000000000529,
    "mean": 1.4262295081967284,
    "median": 7.1278050944189395e-28,
    "stdev": 1.4981848732847078
  },
  "interpretation": "If 3 and 12 share two unit neighbors a,b and a-b is unit, then |3-12|^2 = 3 by the rhombus/opposite-chord relation. The d2≈0 branch indicates a collapsed alternative. Since no d2≈1 branch appears, edge 3-12 is a strong local contradiction candidate."
}