{
  "status": "eliminated",
  "seed_edge": [
    1,
    11
  ],
  "order": [
    [
      25,
      1,
      11
    ],
    [
      10,
      11,
      25
    ],
    [
      5,
      10,
      11
    ],
    [
      9,
      5,
      10
    ],
    [
      3,
      9,
      25
    ],
    [
      21,
      1,
      3
    ],
    [
      12,
      1,
      9
    ],
    [
      6,
      10,
      12
    ],
    [
      8,
      5,
      6
    ],
    [
      13,
      1,
      6
    ],
    [
      15,
      5,
      8
    ],
    [
      4,
      9,
      13
    ],
    [
      17,
      3,
      4
    ],
    [
      22,
      3,
      5
    ],
    [
      23,
      4,
      11
    ],
    [
      18,
      8,
      13
    ],
    [
      16,
      12,
      15
    ],
    [
      2,
      12,
      16
    ],
    [
      24,
      2,
      4
    ],
    [
      7,
      3,
      6
    ],
    [
      14,
      1,
      2
    ],
    [
      20,
      7,
      10
    ],
    [
      19,
      9,
      10
    ]
  ],
  "eliminated_at_step": 5,
  "max_width": 2,
  "eliminations": [
    {
      "step": 1,
      "vertex": 25,
      "anchors": [
        1,
        11
      ],
      "states_in": 1,
      "states_out": 2,
      "failures": [],
      "failure_count": 0
    },
    {
      "step": 2,
      "vertex": 10,
      "anchors": [
        11,
        25
      ],
      "states_in": 2,
      "states_out": 2,
      "failures": [
        {
          "state_index": 0,
          "vertex": 10,
          "anchors": [
            11,
            25
          ],
          "candidate": [
            "-7.143671195514218638848647176908380996574e-102",
            "0.0"
          ],
          "reason": "collision_10_1"
        },
        {
          "state_index": 1,
          "vertex": 10,
          "anchors": [
            11,
            25
          ],
          "candidate": [
            "-7.143671195514218638848647176908380996574e-102",
            "0.0"
          ],
          "reason": "collision_10_1"
        }
      ],
      "failure_count": 2
    },
    {
      "step": 3,
      "vertex": 5,
      "anchors": [
        10,
        11
      ],
      "states_in": 2,
      "states_out": 2,
      "failures": [
        {
          "state_index": 0,
          "vertex": 5,
          "anchors": [
            10,
            11
          ],
          "candidate": [
            "0.5",
            "0.8660254037844386467637231707529361834714"
          ],
          "reason": "collision_5_25"
        },
        {
          "state_index": 1,
          "vertex": 5,
          "anchors": [
            10,
            11
          ],
          "candidate": [
            "0.5",
            "-0.8660254037844386467637231707529361834714"
          ],
          "reason": "collision_5_25"
        }
      ],
      "failure_count": 2
    },
    {
      "step": 4,
      "vertex": 9,
      "anchors": [
        5,
        10
      ],
      "states_in": 2,
      "states_out": 2,
      "failures": [
        {
          "state_index": 0,
          "vertex": 9,
          "anchors": [
            5,
            10
          ],
          "candidate": [
            "1.0",
            "0.0"
          ],
          "reason": "collision_9_11"
        },
        {
          "state_index": 1,
          "vertex": 9,
          "anchors": [
            5,
            10
          ],
          "candidate": [
            "1.0",
            "0.0"
          ],
          "reason": "collision_9_11"
        }
      ],
      "failure_count": 2
    },
    {
      "step": 5,
      "vertex": 3,
      "anchors": [
        9,
        25
      ],
      "states_in": 2,
      "states_out": 0,
      "failures": [
        {
          "state_index": 0,
          "vertex": 3,
          "anchors": [
            9,
            25
          ],
          "candidate": [
            "1.5",
            "0.8660254037844386467637231707529361834714"
          ],
          "reason": "collision_3_10"
        },
        {
          "state_index": 1,
          "vertex": 3,
          "anchors": [
            9,
            25
          ],
          "candidate": [
            "1.5",
            "-0.8660254037844386467637231707529361834714"
          ],
          "reason": "collision_3_10"
        }
      ],
      "failure_count": 2
    }
  ],
  "source": "class_0102_e80",
  "n": 25,
  "edge_count": 80,
  "precision_digits": 100,
  "tolerance": "1e-40",
  "interpretation": "eliminated means all finite trilateration branches from the reported seed edge failed; survived means a numerically valid branch remains and needs exact/interval verification."
}