{
  "status": "eliminated",
  "seed_edge": [
    1,
    11
  ],
  "order": [
    [
      16,
      1,
      11
    ],
    [
      25,
      1,
      11
    ],
    [
      2,
      11,
      25
    ],
    [
      8,
      2,
      16
    ],
    [
      9,
      1,
      8
    ],
    [
      14,
      8,
      9
    ],
    [
      15,
      8,
      14
    ],
    [
      24,
      11,
      14
    ],
    [
      4,
      14,
      25
    ],
    [
      6,
      4,
      15
    ],
    [
      7,
      6,
      11
    ],
    [
      17,
      1,
      4
    ],
    [
      13,
      2,
      17
    ],
    [
      18,
      2,
      4
    ],
    [
      20,
      7,
      8
    ],
    [
      12,
      13,
      15
    ],
    [
      21,
      2,
      8
    ],
    [
      3,
      7,
      20
    ],
    [
      5,
      3,
      4
    ],
    [
      19,
      1,
      3
    ],
    [
      23,
      9,
      13
    ],
    [
      10,
      5,
      9
    ],
    [
      22,
      2,
      3
    ]
  ],
  "eliminated_at_step": 4,
  "max_width": 2,
  "eliminations": [
    {
      "step": 1,
      "vertex": 16,
      "anchors": [
        1,
        11
      ],
      "states_in": 1,
      "states_out": 2,
      "failures": [],
      "failure_count": 0
    },
    {
      "step": 2,
      "vertex": 25,
      "anchors": [
        1,
        11
      ],
      "states_in": 2,
      "states_out": 2,
      "failures": [
        {
          "state_index": 0,
          "vertex": 25,
          "anchors": [
            1,
            11
          ],
          "candidate": [
            "0.5",
            "0.8660254037844386467637231707529361834714"
          ],
          "reason": "collision_25_16"
        },
        {
          "state_index": 1,
          "vertex": 25,
          "anchors": [
            1,
            11
          ],
          "candidate": [
            "0.5",
            "-0.8660254037844386467637231707529361834714"
          ],
          "reason": "collision_25_16"
        }
      ],
      "failure_count": 2
    },
    {
      "step": 3,
      "vertex": 2,
      "anchors": [
        11,
        25
      ],
      "states_in": 2,
      "states_out": 2,
      "failures": [
        {
          "state_index": 0,
          "vertex": 2,
          "anchors": [
            11,
            25
          ],
          "candidate": [
            "-7.143671195514218638848647176908380996574e-102",
            "0.0"
          ],
          "reason": "collision_2_1"
        },
        {
          "state_index": 1,
          "vertex": 2,
          "anchors": [
            11,
            25
          ],
          "candidate": [
            "-7.143671195514218638848647176908380996574e-102",
            "0.0"
          ],
          "reason": "collision_2_1"
        }
      ],
      "failure_count": 2
    },
    {
      "step": 4,
      "vertex": 8,
      "anchors": [
        2,
        16
      ],
      "states_in": 2,
      "states_out": 0,
      "failures": [
        {
          "state_index": 0,
          "vertex": 8,
          "anchors": [
            2,
            16
          ],
          "candidate": [
            "1.0",
            "0.0"
          ],
          "reason": "collision_8_11"
        },
        {
          "state_index": 1,
          "vertex": 8,
          "anchors": [
            2,
            16
          ],
          "candidate": [
            "1.0",
            "0.0"
          ],
          "reason": "collision_8_11"
        }
      ],
      "failure_count": 2
    }
  ],
  "source": "class_0100_e80",
  "n": 25,
  "edge_count": 80,
  "precision_digits": 100,
  "tolerance": "1e-40",
  "interpretation": "eliminated means all finite trilateration branches from the reported seed edge failed; survived means a numerically valid branch remains and needs exact/interval verification."
}