{
  "status": "eliminated",
  "seed_edge": [
    1,
    8
  ],
  "order": [
    [
      13,
      1,
      8
    ],
    [
      12,
      8,
      13
    ],
    [
      2,
      8,
      12
    ],
    [
      4,
      1,
      2
    ],
    [
      7,
      1,
      4
    ],
    [
      10,
      7,
      12
    ],
    [
      18,
      7,
      8
    ],
    [
      22,
      7,
      10
    ],
    [
      19,
      2,
      8
    ],
    [
      3,
      10,
      18
    ],
    [
      5,
      3,
      13
    ],
    [
      16,
      3,
      4
    ],
    [
      14,
      16,
      19
    ],
    [
      17,
      2,
      5
    ],
    [
      9,
      13,
      14
    ],
    [
      21,
      1,
      10
    ],
    [
      20,
      1,
      8
    ],
    [
      11,
      3,
      9
    ],
    [
      23,
      4,
      9
    ],
    [
      24,
      2,
      4
    ],
    [
      6,
      5,
      13
    ],
    [
      15,
      2,
      6
    ],
    [
      25,
      6,
      7
    ]
  ],
  "eliminated_at_step": 4,
  "max_width": 2,
  "eliminations": [
    {
      "step": 1,
      "vertex": 13,
      "anchors": [
        1,
        8
      ],
      "states_in": 1,
      "states_out": 2,
      "failures": [],
      "failure_count": 0
    },
    {
      "step": 2,
      "vertex": 12,
      "anchors": [
        8,
        13
      ],
      "states_in": 2,
      "states_out": 2,
      "failures": [
        {
          "state_index": 0,
          "vertex": 12,
          "anchors": [
            8,
            13
          ],
          "candidate": [
            "-7.143671195514218638848647176908380996574e-102",
            "0.0"
          ],
          "reason": "collision_12_1"
        },
        {
          "state_index": 1,
          "vertex": 12,
          "anchors": [
            8,
            13
          ],
          "candidate": [
            "-7.143671195514218638848647176908380996574e-102",
            "0.0"
          ],
          "reason": "collision_12_1"
        }
      ],
      "failure_count": 2
    },
    {
      "step": 3,
      "vertex": 2,
      "anchors": [
        8,
        12
      ],
      "states_in": 2,
      "states_out": 2,
      "failures": [
        {
          "state_index": 0,
          "vertex": 2,
          "anchors": [
            8,
            12
          ],
          "candidate": [
            "0.5",
            "0.8660254037844386467637231707529361834714"
          ],
          "reason": "collision_2_13"
        },
        {
          "state_index": 1,
          "vertex": 2,
          "anchors": [
            8,
            12
          ],
          "candidate": [
            "0.5",
            "-0.8660254037844386467637231707529361834714"
          ],
          "reason": "collision_2_13"
        }
      ],
      "failure_count": 2
    },
    {
      "step": 4,
      "vertex": 4,
      "anchors": [
        1,
        2
      ],
      "states_in": 2,
      "states_out": 0,
      "failures": [
        {
          "state_index": 0,
          "vertex": 4,
          "anchors": [
            1,
            2
          ],
          "candidate": [
            "1.0",
            "0.0"
          ],
          "reason": "collision_4_8"
        },
        {
          "state_index": 1,
          "vertex": 4,
          "anchors": [
            1,
            2
          ],
          "candidate": [
            "1.0",
            "0.0"
          ],
          "reason": "collision_4_8"
        }
      ],
      "failure_count": 2
    }
  ],
  "source": "class_0095_e80",
  "n": 25,
  "edge_count": 80,
  "precision_digits": 100,
  "tolerance": "1e-40",
  "interpretation": "eliminated means all finite trilateration branches from the reported seed edge failed; survived means a numerically valid branch remains and needs exact/interval verification."
}