{
  "status": "eliminated",
  "seed_edge": [
    1,
    7
  ],
  "order": [
    [
      15,
      1,
      7
    ],
    [
      18,
      1,
      7
    ],
    [
      22,
      7,
      15
    ],
    [
      25,
      7,
      18
    ],
    [
      11,
      18,
      25
    ],
    [
      10,
      11,
      15
    ],
    [
      12,
      1,
      10
    ],
    [
      4,
      10,
      12
    ],
    [
      2,
      4,
      12
    ],
    [
      13,
      10,
      15
    ],
    [
      6,
      4,
      13
    ],
    [
      23,
      2,
      6
    ],
    [
      5,
      4,
      6
    ],
    [
      16,
      5,
      11
    ],
    [
      21,
      2,
      16
    ],
    [
      20,
      12,
      13
    ],
    [
      14,
      5,
      7
    ],
    [
      17,
      14,
      16
    ],
    [
      9,
      2,
      7
    ],
    [
      19,
      9,
      11
    ],
    [
      3,
      4,
      9
    ],
    [
      8,
      1,
      3
    ],
    [
      24,
      1,
      3
    ]
  ],
  "eliminated_at_step": 6,
  "max_width": 2,
  "eliminations": [
    {
      "step": 1,
      "vertex": 15,
      "anchors": [
        1,
        7
      ],
      "states_in": 1,
      "states_out": 2,
      "failures": [],
      "failure_count": 0
    },
    {
      "step": 2,
      "vertex": 18,
      "anchors": [
        1,
        7
      ],
      "states_in": 2,
      "states_out": 2,
      "failures": [
        {
          "state_index": 0,
          "vertex": 18,
          "anchors": [
            1,
            7
          ],
          "candidate": [
            "0.5",
            "0.8660254037844386467637231707529361834714"
          ],
          "reason": "collision_18_15"
        },
        {
          "state_index": 1,
          "vertex": 18,
          "anchors": [
            1,
            7
          ],
          "candidate": [
            "0.5",
            "-0.8660254037844386467637231707529361834714"
          ],
          "reason": "collision_18_15"
        }
      ],
      "failure_count": 2
    },
    {
      "step": 3,
      "vertex": 22,
      "anchors": [
        7,
        15
      ],
      "states_in": 2,
      "states_out": 2,
      "failures": [
        {
          "state_index": 0,
          "vertex": 22,
          "anchors": [
            7,
            15
          ],
          "candidate": [
            "-7.143671195514218638848647176908380996574e-102",
            "0.0"
          ],
          "reason": "collision_22_1"
        },
        {
          "state_index": 1,
          "vertex": 22,
          "anchors": [
            7,
            15
          ],
          "candidate": [
            "-7.143671195514218638848647176908380996574e-102",
            "0.0"
          ],
          "reason": "collision_22_1"
        }
      ],
      "failure_count": 2
    },
    {
      "step": 4,
      "vertex": 25,
      "anchors": [
        7,
        18
      ],
      "states_in": 2,
      "states_out": 2,
      "failures": [
        {
          "state_index": 0,
          "vertex": 25,
          "anchors": [
            7,
            18
          ],
          "candidate": [
            "-7.143671195514218638848647176908380996574e-102",
            "0.0"
          ],
          "reason": "collision_25_1"
        },
        {
          "state_index": 1,
          "vertex": 25,
          "anchors": [
            7,
            18
          ],
          "candidate": [
            "-7.143671195514218638848647176908380996574e-102",
            "0.0"
          ],
          "reason": "collision_25_1"
        }
      ],
      "failure_count": 2
    },
    {
      "step": 5,
      "vertex": 11,
      "anchors": [
        18,
        25
      ],
      "states_in": 2,
      "states_out": 2,
      "failures": [
        {
          "state_index": 0,
          "vertex": 11,
          "anchors": [
            18,
            25
          ],
          "candidate": [
            "1.0",
            "0.0"
          ],
          "reason": "collision_11_7"
        },
        {
          "state_index": 1,
          "vertex": 11,
          "anchors": [
            18,
            25
          ],
          "candidate": [
            "1.0",
            "0.0"
          ],
          "reason": "collision_11_7"
        }
      ],
      "failure_count": 2
    },
    {
      "step": 6,
      "vertex": 10,
      "anchors": [
        11,
        15
      ],
      "states_in": 2,
      "states_out": 0,
      "failures": [
        {
          "state_index": 0,
          "vertex": 10,
          "anchors": [
            11,
            15
          ],
          "reason": "anchor_circles_do_not_intersect"
        },
        {
          "state_index": 1,
          "vertex": 10,
          "anchors": [
            11,
            15
          ],
          "reason": "anchor_circles_do_not_intersect"
        }
      ],
      "failure_count": 2
    }
  ],
  "source": "class_0323_e80",
  "n": 25,
  "edge_count": 80,
  "precision_digits": 100,
  "tolerance": "1e-40",
  "interpretation": "eliminated means all finite trilateration branches from the reported seed edge failed; survived means a numerically valid branch remains and needs exact/interval verification."
}