{
  "status": "eliminated",
  "seed_edge": [
    1,
    18
  ],
  "order": [
    [
      23,
      1,
      18
    ],
    [
      5,
      18,
      23
    ],
    [
      11,
      5,
      18
    ],
    [
      7,
      1,
      11
    ],
    [
      10,
      5,
      11
    ],
    [
      6,
      1,
      10
    ],
    [
      3,
      6,
      7
    ],
    [
      12,
      3,
      5
    ],
    [
      19,
      3,
      6
    ],
    [
      15,
      3,
      5
    ],
    [
      21,
      15,
      19
    ],
    [
      9,
      10,
      21
    ],
    [
      8,
      9,
      10
    ],
    [
      24,
      3,
      8
    ],
    [
      16,
      1,
      9
    ],
    [
      20,
      11,
      16
    ],
    [
      13,
      7,
      20
    ],
    [
      22,
      6,
      8
    ],
    [
      25,
      1,
      7
    ],
    [
      17,
      5,
      15
    ],
    [
      2,
      8,
      13
    ],
    [
      4,
      2,
      6
    ],
    [
      14,
      2,
      4
    ]
  ],
  "eliminated_at_step": 4,
  "max_width": 2,
  "eliminations": [
    {
      "step": 1,
      "vertex": 23,
      "anchors": [
        1,
        18
      ],
      "states_in": 1,
      "states_out": 2,
      "failures": [],
      "failure_count": 0
    },
    {
      "step": 2,
      "vertex": 5,
      "anchors": [
        18,
        23
      ],
      "states_in": 2,
      "states_out": 2,
      "failures": [
        {
          "state_index": 0,
          "vertex": 5,
          "anchors": [
            18,
            23
          ],
          "candidate": [
            "-7.143671195514218638848647176908380996574e-102",
            "0.0"
          ],
          "reason": "collision_5_1"
        },
        {
          "state_index": 1,
          "vertex": 5,
          "anchors": [
            18,
            23
          ],
          "candidate": [
            "-7.143671195514218638848647176908380996574e-102",
            "0.0"
          ],
          "reason": "collision_5_1"
        }
      ],
      "failure_count": 2
    },
    {
      "step": 3,
      "vertex": 11,
      "anchors": [
        5,
        18
      ],
      "states_in": 2,
      "states_out": 2,
      "failures": [
        {
          "state_index": 0,
          "vertex": 11,
          "anchors": [
            5,
            18
          ],
          "candidate": [
            "0.5",
            "0.8660254037844386467637231707529361834714"
          ],
          "reason": "collision_11_23"
        },
        {
          "state_index": 1,
          "vertex": 11,
          "anchors": [
            5,
            18
          ],
          "candidate": [
            "0.5",
            "-0.8660254037844386467637231707529361834714"
          ],
          "reason": "collision_11_23"
        }
      ],
      "failure_count": 2
    },
    {
      "step": 4,
      "vertex": 7,
      "anchors": [
        1,
        11
      ],
      "states_in": 2,
      "states_out": 0,
      "failures": [
        {
          "state_index": 0,
          "vertex": 7,
          "anchors": [
            1,
            11
          ],
          "candidate": [
            "1.0",
            "0.0"
          ],
          "reason": "collision_7_18"
        },
        {
          "state_index": 1,
          "vertex": 7,
          "anchors": [
            1,
            11
          ],
          "candidate": [
            "1.0",
            "0.0"
          ],
          "reason": "collision_7_18"
        }
      ],
      "failure_count": 2
    }
  ],
  "source": "class_0091_e80",
  "n": 25,
  "edge_count": 80,
  "precision_digits": 100,
  "tolerance": "1e-40",
  "interpretation": "eliminated means all finite trilateration branches from the reported seed edge failed; survived means a numerically valid branch remains and needs exact/interval verification."
}