{
  "status": "eliminated",
  "seed_edge": [
    1,
    16
  ],
  "order": [
    [
      17,
      1,
      16
    ],
    [
      22,
      16,
      17
    ],
    [
      25,
      16,
      22
    ],
    [
      6,
      1,
      25
    ],
    [
      11,
      6,
      17
    ],
    [
      19,
      6,
      11
    ],
    [
      2,
      1,
      19
    ],
    [
      13,
      2,
      22
    ],
    [
      5,
      11,
      13
    ],
    [
      12,
      2,
      5
    ],
    [
      15,
      11,
      13
    ],
    [
      7,
      2,
      11
    ],
    [
      18,
      6,
      7
    ],
    [
      3,
      2,
      7
    ],
    [
      9,
      3,
      12
    ],
    [
      4,
      1,
      9
    ],
    [
      8,
      6,
      9
    ],
    [
      20,
      3,
      5
    ],
    [
      24,
      1,
      4
    ],
    [
      10,
      3,
      5
    ],
    [
      21,
      6,
      10
    ],
    [
      14,
      15,
      16
    ],
    [
      23,
      8,
      9
    ]
  ],
  "eliminated_at_step": 4,
  "max_width": 2,
  "eliminations": [
    {
      "step": 1,
      "vertex": 17,
      "anchors": [
        1,
        16
      ],
      "states_in": 1,
      "states_out": 2,
      "failures": [],
      "failure_count": 0
    },
    {
      "step": 2,
      "vertex": 22,
      "anchors": [
        16,
        17
      ],
      "states_in": 2,
      "states_out": 2,
      "failures": [
        {
          "state_index": 0,
          "vertex": 22,
          "anchors": [
            16,
            17
          ],
          "candidate": [
            "-7.143671195514218638848647176908380996574e-102",
            "0.0"
          ],
          "reason": "collision_22_1"
        },
        {
          "state_index": 1,
          "vertex": 22,
          "anchors": [
            16,
            17
          ],
          "candidate": [
            "-7.143671195514218638848647176908380996574e-102",
            "0.0"
          ],
          "reason": "collision_22_1"
        }
      ],
      "failure_count": 2
    },
    {
      "step": 3,
      "vertex": 25,
      "anchors": [
        16,
        22
      ],
      "states_in": 2,
      "states_out": 2,
      "failures": [
        {
          "state_index": 0,
          "vertex": 25,
          "anchors": [
            16,
            22
          ],
          "candidate": [
            "0.5",
            "0.8660254037844386467637231707529361834714"
          ],
          "reason": "collision_25_17"
        },
        {
          "state_index": 1,
          "vertex": 25,
          "anchors": [
            16,
            22
          ],
          "candidate": [
            "0.5",
            "-0.8660254037844386467637231707529361834714"
          ],
          "reason": "collision_25_17"
        }
      ],
      "failure_count": 2
    },
    {
      "step": 4,
      "vertex": 6,
      "anchors": [
        1,
        25
      ],
      "states_in": 2,
      "states_out": 0,
      "failures": [
        {
          "state_index": 0,
          "vertex": 6,
          "anchors": [
            1,
            25
          ],
          "candidate": [
            "1.0",
            "0.0"
          ],
          "reason": "collision_6_16"
        },
        {
          "state_index": 1,
          "vertex": 6,
          "anchors": [
            1,
            25
          ],
          "candidate": [
            "1.0",
            "0.0"
          ],
          "reason": "collision_6_16"
        }
      ],
      "failure_count": 2
    }
  ],
  "source": "class_0446_e79",
  "n": 25,
  "edge_count": 79,
  "precision_digits": 100,
  "tolerance": "1e-40",
  "interpretation": "eliminated means all finite trilateration branches from the reported seed edge failed; survived means a numerically valid branch remains and needs exact/interval verification."
}