{
  "status": "eliminated",
  "seed_edge": [
    1,
    4
  ],
  "order": [
    [
      22,
      1,
      4
    ],
    [
      5,
      4,
      22
    ],
    [
      23,
      1,
      4
    ],
    [
      7,
      4,
      23
    ],
    [
      14,
      7,
      22
    ],
    [
      17,
      5,
      14
    ],
    [
      2,
      5,
      17
    ],
    [
      16,
      2,
      7
    ],
    [
      15,
      1,
      14
    ],
    [
      10,
      15,
      17
    ],
    [
      3,
      10,
      16
    ],
    [
      8,
      2,
      3
    ],
    [
      20,
      3,
      5
    ],
    [
      9,
      5,
      10
    ],
    [
      18,
      7,
      8
    ],
    [
      21,
      1,
      2
    ],
    [
      11,
      9,
      20
    ],
    [
      24,
      2,
      4
    ],
    [
      25,
      3,
      4
    ],
    [
      12,
      11,
      14
    ],
    [
      13,
      1,
      9
    ],
    [
      6,
      10,
      12
    ],
    [
      19,
      6,
      9
    ]
  ],
  "eliminated_at_step": 5,
  "max_width": 2,
  "eliminations": [
    {
      "step": 1,
      "vertex": 22,
      "anchors": [
        1,
        4
      ],
      "states_in": 1,
      "states_out": 2,
      "failures": [],
      "failure_count": 0
    },
    {
      "step": 2,
      "vertex": 5,
      "anchors": [
        4,
        22
      ],
      "states_in": 2,
      "states_out": 2,
      "failures": [
        {
          "state_index": 0,
          "vertex": 5,
          "anchors": [
            4,
            22
          ],
          "candidate": [
            "-7.143671195514218638848647176908380996574e-102",
            "0.0"
          ],
          "reason": "collision_5_1"
        },
        {
          "state_index": 1,
          "vertex": 5,
          "anchors": [
            4,
            22
          ],
          "candidate": [
            "-7.143671195514218638848647176908380996574e-102",
            "0.0"
          ],
          "reason": "collision_5_1"
        }
      ],
      "failure_count": 2
    },
    {
      "step": 3,
      "vertex": 23,
      "anchors": [
        1,
        4
      ],
      "states_in": 2,
      "states_out": 2,
      "failures": [
        {
          "state_index": 0,
          "vertex": 23,
          "anchors": [
            1,
            4
          ],
          "candidate": [
            "0.5",
            "0.8660254037844386467637231707529361834714"
          ],
          "reason": "collision_23_22"
        },
        {
          "state_index": 1,
          "vertex": 23,
          "anchors": [
            1,
            4
          ],
          "candidate": [
            "0.5",
            "-0.8660254037844386467637231707529361834714"
          ],
          "reason": "collision_23_22"
        }
      ],
      "failure_count": 2
    },
    {
      "step": 4,
      "vertex": 7,
      "anchors": [
        4,
        23
      ],
      "states_in": 2,
      "states_out": 2,
      "failures": [
        {
          "state_index": 0,
          "vertex": 7,
          "anchors": [
            4,
            23
          ],
          "candidate": [
            "-7.143671195514218638848647176908380996574e-102",
            "0.0"
          ],
          "reason": "collision_7_1"
        },
        {
          "state_index": 1,
          "vertex": 7,
          "anchors": [
            4,
            23
          ],
          "candidate": [
            "-7.143671195514218638848647176908380996574e-102",
            "0.0"
          ],
          "reason": "collision_7_1"
        }
      ],
      "failure_count": 2
    },
    {
      "step": 5,
      "vertex": 14,
      "anchors": [
        7,
        22
      ],
      "states_in": 2,
      "states_out": 0,
      "failures": [
        {
          "state_index": 0,
          "vertex": 14,
          "anchors": [
            7,
            22
          ],
          "candidate": [
            "1.0",
            "0.0"
          ],
          "reason": "collision_14_4"
        },
        {
          "state_index": 1,
          "vertex": 14,
          "anchors": [
            7,
            22
          ],
          "candidate": [
            "1.0",
            "0.0"
          ],
          "reason": "collision_14_4"
        }
      ],
      "failure_count": 2
    }
  ],
  "source": "class_0286_e80",
  "n": 25,
  "edge_count": 80,
  "precision_digits": 100,
  "tolerance": "1e-40",
  "interpretation": "eliminated means all finite trilateration branches from the reported seed edge failed; survived means a numerically valid branch remains and needs exact/interval verification."
}