{
  "status": "eliminated",
  "seed_edge": [
    1,
    7
  ],
  "order": [
    [
      10,
      1,
      7
    ],
    [
      12,
      1,
      7
    ],
    [
      4,
      7,
      12
    ],
    [
      14,
      4,
      10
    ],
    [
      3,
      4,
      14
    ],
    [
      19,
      1,
      3
    ],
    [
      24,
      3,
      7
    ],
    [
      20,
      3,
      12
    ],
    [
      22,
      1,
      19
    ],
    [
      9,
      4,
      14
    ],
    [
      13,
      9,
      10
    ],
    [
      6,
      12,
      13
    ],
    [
      18,
      6,
      9
    ],
    [
      5,
      6,
      20
    ],
    [
      21,
      5,
      10
    ],
    [
      11,
      18,
      21
    ],
    [
      8,
      6,
      11
    ],
    [
      15,
      4,
      8
    ],
    [
      17,
      5,
      8
    ],
    [
      16,
      10,
      15
    ],
    [
      25,
      1,
      9
    ],
    [
      23,
      3,
      4
    ],
    [
      2,
      7,
      8
    ]
  ],
  "eliminated_at_step": 4,
  "max_width": 2,
  "eliminations": [
    {
      "step": 1,
      "vertex": 10,
      "anchors": [
        1,
        7
      ],
      "states_in": 1,
      "states_out": 2,
      "failures": [],
      "failure_count": 0
    },
    {
      "step": 2,
      "vertex": 12,
      "anchors": [
        1,
        7
      ],
      "states_in": 2,
      "states_out": 2,
      "failures": [
        {
          "state_index": 0,
          "vertex": 12,
          "anchors": [
            1,
            7
          ],
          "candidate": [
            "0.5",
            "0.8660254037844386467637231707529361834714"
          ],
          "reason": "collision_12_10"
        },
        {
          "state_index": 1,
          "vertex": 12,
          "anchors": [
            1,
            7
          ],
          "candidate": [
            "0.5",
            "-0.8660254037844386467637231707529361834714"
          ],
          "reason": "collision_12_10"
        }
      ],
      "failure_count": 2
    },
    {
      "step": 3,
      "vertex": 4,
      "anchors": [
        7,
        12
      ],
      "states_in": 2,
      "states_out": 2,
      "failures": [
        {
          "state_index": 0,
          "vertex": 4,
          "anchors": [
            7,
            12
          ],
          "candidate": [
            "-7.143671195514218638848647176908380996574e-102",
            "0.0"
          ],
          "reason": "collision_4_1"
        },
        {
          "state_index": 1,
          "vertex": 4,
          "anchors": [
            7,
            12
          ],
          "candidate": [
            "-7.143671195514218638848647176908380996574e-102",
            "0.0"
          ],
          "reason": "collision_4_1"
        }
      ],
      "failure_count": 2
    },
    {
      "step": 4,
      "vertex": 14,
      "anchors": [
        4,
        10
      ],
      "states_in": 2,
      "states_out": 0,
      "failures": [
        {
          "state_index": 0,
          "vertex": 14,
          "anchors": [
            4,
            10
          ],
          "candidate": [
            "1.0",
            "0.0"
          ],
          "reason": "collision_14_7"
        },
        {
          "state_index": 1,
          "vertex": 14,
          "anchors": [
            4,
            10
          ],
          "candidate": [
            "1.0",
            "0.0"
          ],
          "reason": "collision_14_7"
        }
      ],
      "failure_count": 2
    }
  ],
  "source": "class_0454_e79",
  "n": 25,
  "edge_count": 79,
  "precision_digits": 100,
  "tolerance": "1e-40",
  "interpretation": "eliminated means all finite trilateration branches from the reported seed edge failed; survived means a numerically valid branch remains and needs exact/interval verification."
}