{
  "status": "eliminated",
  "seed_edge": [
    1,
    2
  ],
  "order": [
    [
      8,
      1,
      2
    ],
    [
      16,
      2,
      8
    ],
    [
      11,
      2,
      16
    ],
    [
      13,
      1,
      11
    ],
    [
      4,
      11,
      13
    ],
    [
      15,
      4,
      8
    ],
    [
      17,
      1,
      4
    ],
    [
      3,
      4,
      17
    ],
    [
      14,
      2,
      3
    ],
    [
      6,
      3,
      14
    ],
    [
      9,
      6,
      11
    ],
    [
      5,
      6,
      9
    ],
    [
      7,
      2,
      4
    ],
    [
      25,
      1,
      6
    ],
    [
      12,
      1,
      13
    ],
    [
      18,
      9,
      11
    ],
    [
      19,
      3,
      12
    ],
    [
      10,
      12,
      13
    ],
    [
      20,
      2,
      7
    ],
    [
      21,
      7,
      8
    ],
    [
      22,
      8,
      9
    ],
    [
      23,
      5,
      12
    ],
    [
      24,
      3,
      6
    ]
  ],
  "eliminated_at_step": 4,
  "max_width": 2,
  "eliminations": [
    {
      "step": 1,
      "vertex": 8,
      "anchors": [
        1,
        2
      ],
      "states_in": 1,
      "states_out": 2,
      "failures": [],
      "failure_count": 0
    },
    {
      "step": 2,
      "vertex": 16,
      "anchors": [
        2,
        8
      ],
      "states_in": 2,
      "states_out": 2,
      "failures": [
        {
          "state_index": 0,
          "vertex": 16,
          "anchors": [
            2,
            8
          ],
          "candidate": [
            "-7.143671195514218638848647176908380996574e-102",
            "0.0"
          ],
          "reason": "collision_16_1"
        },
        {
          "state_index": 1,
          "vertex": 16,
          "anchors": [
            2,
            8
          ],
          "candidate": [
            "-7.143671195514218638848647176908380996574e-102",
            "0.0"
          ],
          "reason": "collision_16_1"
        }
      ],
      "failure_count": 2
    },
    {
      "step": 3,
      "vertex": 11,
      "anchors": [
        2,
        16
      ],
      "states_in": 2,
      "states_out": 2,
      "failures": [
        {
          "state_index": 0,
          "vertex": 11,
          "anchors": [
            2,
            16
          ],
          "candidate": [
            "0.5",
            "0.8660254037844386467637231707529361834714"
          ],
          "reason": "collision_11_8"
        },
        {
          "state_index": 1,
          "vertex": 11,
          "anchors": [
            2,
            16
          ],
          "candidate": [
            "0.5",
            "-0.8660254037844386467637231707529361834714"
          ],
          "reason": "collision_11_8"
        }
      ],
      "failure_count": 2
    },
    {
      "step": 4,
      "vertex": 13,
      "anchors": [
        1,
        11
      ],
      "states_in": 2,
      "states_out": 0,
      "failures": [
        {
          "state_index": 0,
          "vertex": 13,
          "anchors": [
            1,
            11
          ],
          "candidate": [
            "1.0",
            "0.0"
          ],
          "reason": "collision_13_2"
        },
        {
          "state_index": 1,
          "vertex": 13,
          "anchors": [
            1,
            11
          ],
          "candidate": [
            "1.0",
            "0.0"
          ],
          "reason": "collision_13_2"
        }
      ],
      "failure_count": 2
    }
  ],
  "source": "class_0459_e79",
  "n": 25,
  "edge_count": 79,
  "precision_digits": 100,
  "tolerance": "1e-40",
  "interpretation": "eliminated means all finite trilateration branches from the reported seed edge failed; survived means a numerically valid branch remains and needs exact/interval verification."
}