{
  "status": "eliminated",
  "seed_edge": [
    1,
    18
  ],
  "order": [
    [
      22,
      1,
      18
    ],
    [
      13,
      18,
      22
    ],
    [
      17,
      13,
      18
    ],
    [
      10,
      13,
      17
    ],
    [
      3,
      10,
      13
    ],
    [
      2,
      1,
      3
    ],
    [
      9,
      1,
      2
    ],
    [
      20,
      2,
      17
    ],
    [
      23,
      9,
      10
    ],
    [
      19,
      17,
      20
    ],
    [
      7,
      19,
      22
    ],
    [
      14,
      1,
      3
    ],
    [
      25,
      7,
      9
    ],
    [
      5,
      9,
      20
    ],
    [
      6,
      3,
      5
    ],
    [
      15,
      3,
      5
    ],
    [
      4,
      1,
      5
    ],
    [
      16,
      4,
      5
    ],
    [
      8,
      10,
      14
    ],
    [
      11,
      2,
      7
    ],
    [
      12,
      2,
      4
    ],
    [
      21,
      6,
      9
    ],
    [
      24,
      11,
      12
    ]
  ],
  "eliminated_at_step": 6,
  "max_width": 2,
  "eliminations": [
    {
      "step": 1,
      "vertex": 22,
      "anchors": [
        1,
        18
      ],
      "states_in": 1,
      "states_out": 2,
      "failures": [],
      "failure_count": 0
    },
    {
      "step": 2,
      "vertex": 13,
      "anchors": [
        18,
        22
      ],
      "states_in": 2,
      "states_out": 2,
      "failures": [
        {
          "state_index": 0,
          "vertex": 13,
          "anchors": [
            18,
            22
          ],
          "candidate": [
            "-7.143671195514218638848647176908380996574e-102",
            "0.0"
          ],
          "reason": "collision_13_1"
        },
        {
          "state_index": 1,
          "vertex": 13,
          "anchors": [
            18,
            22
          ],
          "candidate": [
            "-7.143671195514218638848647176908380996574e-102",
            "0.0"
          ],
          "reason": "collision_13_1"
        }
      ],
      "failure_count": 2
    },
    {
      "step": 3,
      "vertex": 17,
      "anchors": [
        13,
        18
      ],
      "states_in": 2,
      "states_out": 2,
      "failures": [
        {
          "state_index": 0,
          "vertex": 17,
          "anchors": [
            13,
            18
          ],
          "candidate": [
            "0.5",
            "0.8660254037844386467637231707529361834714"
          ],
          "reason": "collision_17_22"
        },
        {
          "state_index": 1,
          "vertex": 17,
          "anchors": [
            13,
            18
          ],
          "candidate": [
            "0.5",
            "-0.8660254037844386467637231707529361834714"
          ],
          "reason": "collision_17_22"
        }
      ],
      "failure_count": 2
    },
    {
      "step": 4,
      "vertex": 10,
      "anchors": [
        13,
        17
      ],
      "states_in": 2,
      "states_out": 2,
      "failures": [
        {
          "state_index": 0,
          "vertex": 10,
          "anchors": [
            13,
            17
          ],
          "candidate": [
            "1.0",
            "0.0"
          ],
          "reason": "collision_10_18"
        },
        {
          "state_index": 1,
          "vertex": 10,
          "anchors": [
            13,
            17
          ],
          "candidate": [
            "1.0",
            "0.0"
          ],
          "reason": "collision_10_18"
        }
      ],
      "failure_count": 2
    },
    {
      "step": 5,
      "vertex": 3,
      "anchors": [
        10,
        13
      ],
      "states_in": 2,
      "states_out": 2,
      "failures": [
        {
          "state_index": 0,
          "vertex": 3,
          "anchors": [
            10,
            13
          ],
          "candidate": [
            "2.0",
            "0.0"
          ],
          "reason": "collision_3_17"
        },
        {
          "state_index": 1,
          "vertex": 3,
          "anchors": [
            10,
            13
          ],
          "candidate": [
            "2.0",
            "0.0"
          ],
          "reason": "collision_3_17"
        }
      ],
      "failure_count": 2
    },
    {
      "step": 6,
      "vertex": 2,
      "anchors": [
        1,
        3
      ],
      "states_in": 2,
      "states_out": 0,
      "failures": [
        {
          "state_index": 0,
          "vertex": 2,
          "anchors": [
            1,
            3
          ],
          "reason": "anchor_circles_do_not_intersect"
        },
        {
          "state_index": 1,
          "vertex": 2,
          "anchors": [
            1,
            3
          ],
          "reason": "anchor_circles_do_not_intersect"
        }
      ],
      "failure_count": 2
    }
  ],
  "source": "class_0320_e80",
  "n": 25,
  "edge_count": 80,
  "precision_digits": 100,
  "tolerance": "1e-40",
  "interpretation": "eliminated means all finite trilateration branches from the reported seed edge failed; survived means a numerically valid branch remains and needs exact/interval verification."
}