{
  "status": "eliminated",
  "seed_edge": [
    1,
    3
  ],
  "order": [
    [
      12,
      1,
      3
    ],
    [
      2,
      3,
      12
    ],
    [
      25,
      2,
      3
    ],
    [
      16,
      1,
      25
    ],
    [
      6,
      1,
      16
    ],
    [
      17,
      2,
      6
    ],
    [
      8,
      2,
      17
    ],
    [
      15,
      8,
      16
    ],
    [
      19,
      8,
      12
    ],
    [
      10,
      8,
      17
    ],
    [
      11,
      12,
      16
    ],
    [
      24,
      10,
      11
    ],
    [
      22,
      3,
      6
    ],
    [
      9,
      11,
      12
    ],
    [
      13,
      6,
      9
    ],
    [
      20,
      3,
      8
    ],
    [
      5,
      1,
      9
    ],
    [
      4,
      5,
      9
    ],
    [
      18,
      2,
      11
    ],
    [
      23,
      3,
      5
    ],
    [
      14,
      4,
      6
    ],
    [
      7,
      1,
      8
    ],
    [
      21,
      4,
      7
    ]
  ],
  "eliminated_at_step": 4,
  "max_width": 2,
  "eliminations": [
    {
      "step": 1,
      "vertex": 12,
      "anchors": [
        1,
        3
      ],
      "states_in": 1,
      "states_out": 2,
      "failures": [],
      "failure_count": 0
    },
    {
      "step": 2,
      "vertex": 2,
      "anchors": [
        3,
        12
      ],
      "states_in": 2,
      "states_out": 2,
      "failures": [
        {
          "state_index": 0,
          "vertex": 2,
          "anchors": [
            3,
            12
          ],
          "candidate": [
            "-7.143671195514218638848647176908380996574e-102",
            "0.0"
          ],
          "reason": "collision_2_1"
        },
        {
          "state_index": 1,
          "vertex": 2,
          "anchors": [
            3,
            12
          ],
          "candidate": [
            "-7.143671195514218638848647176908380996574e-102",
            "0.0"
          ],
          "reason": "collision_2_1"
        }
      ],
      "failure_count": 2
    },
    {
      "step": 3,
      "vertex": 25,
      "anchors": [
        2,
        3
      ],
      "states_in": 2,
      "states_out": 2,
      "failures": [
        {
          "state_index": 0,
          "vertex": 25,
          "anchors": [
            2,
            3
          ],
          "candidate": [
            "0.5",
            "0.8660254037844386467637231707529361834714"
          ],
          "reason": "collision_25_12"
        },
        {
          "state_index": 1,
          "vertex": 25,
          "anchors": [
            2,
            3
          ],
          "candidate": [
            "0.5",
            "-0.8660254037844386467637231707529361834714"
          ],
          "reason": "collision_25_12"
        }
      ],
      "failure_count": 2
    },
    {
      "step": 4,
      "vertex": 16,
      "anchors": [
        1,
        25
      ],
      "states_in": 2,
      "states_out": 0,
      "failures": [
        {
          "state_index": 0,
          "vertex": 16,
          "anchors": [
            1,
            25
          ],
          "candidate": [
            "1.0",
            "0.0"
          ],
          "reason": "collision_16_3"
        },
        {
          "state_index": 1,
          "vertex": 16,
          "anchors": [
            1,
            25
          ],
          "candidate": [
            "1.0",
            "0.0"
          ],
          "reason": "collision_16_3"
        }
      ],
      "failure_count": 2
    }
  ],
  "source": "class_0015_e81",
  "n": 25,
  "edge_count": 81,
  "precision_digits": 100,
  "tolerance": "1e-40",
  "interpretation": "eliminated means all finite trilateration branches from the reported seed edge failed; survived means a numerically valid branch remains and needs exact/interval verification."
}