{
  "status": "eliminated",
  "seed_edge": [
    1,
    3
  ],
  "order": [
    [
      20,
      1,
      3
    ],
    [
      14,
      3,
      20
    ],
    [
      18,
      3,
      14
    ],
    [
      13,
      3,
      18
    ],
    [
      12,
      1,
      13
    ],
    [
      17,
      1,
      12
    ],
    [
      2,
      12,
      13
    ],
    [
      21,
      1,
      2
    ],
    [
      7,
      14,
      17
    ],
    [
      4,
      7,
      17
    ],
    [
      22,
      2,
      4
    ],
    [
      16,
      7,
      12
    ],
    [
      6,
      12,
      16
    ],
    [
      10,
      3,
      6
    ],
    [
      19,
      2,
      7
    ],
    [
      5,
      1,
      10
    ],
    [
      15,
      5,
      6
    ],
    [
      25,
      4,
      5
    ],
    [
      8,
      5,
      14
    ],
    [
      24,
      2,
      8
    ],
    [
      9,
      3,
      8
    ],
    [
      11,
      4,
      9
    ],
    [
      23,
      2,
      6
    ]
  ],
  "eliminated_at_step": 6,
  "max_width": 2,
  "eliminations": [
    {
      "step": 1,
      "vertex": 20,
      "anchors": [
        1,
        3
      ],
      "states_in": 1,
      "states_out": 2,
      "failures": [],
      "failure_count": 0
    },
    {
      "step": 2,
      "vertex": 14,
      "anchors": [
        3,
        20
      ],
      "states_in": 2,
      "states_out": 2,
      "failures": [
        {
          "state_index": 0,
          "vertex": 14,
          "anchors": [
            3,
            20
          ],
          "candidate": [
            "-7.143671195514218638848647176908380996574e-102",
            "0.0"
          ],
          "reason": "collision_14_1"
        },
        {
          "state_index": 1,
          "vertex": 14,
          "anchors": [
            3,
            20
          ],
          "candidate": [
            "-7.143671195514218638848647176908380996574e-102",
            "0.0"
          ],
          "reason": "collision_14_1"
        }
      ],
      "failure_count": 2
    },
    {
      "step": 3,
      "vertex": 18,
      "anchors": [
        3,
        14
      ],
      "states_in": 2,
      "states_out": 2,
      "failures": [
        {
          "state_index": 0,
          "vertex": 18,
          "anchors": [
            3,
            14
          ],
          "candidate": [
            "0.5",
            "0.8660254037844386467637231707529361834714"
          ],
          "reason": "collision_18_20"
        },
        {
          "state_index": 1,
          "vertex": 18,
          "anchors": [
            3,
            14
          ],
          "candidate": [
            "0.5",
            "-0.8660254037844386467637231707529361834714"
          ],
          "reason": "collision_18_20"
        }
      ],
      "failure_count": 2
    },
    {
      "step": 4,
      "vertex": 13,
      "anchors": [
        3,
        18
      ],
      "states_in": 2,
      "states_out": 2,
      "failures": [
        {
          "state_index": 0,
          "vertex": 13,
          "anchors": [
            3,
            18
          ],
          "candidate": [
            "1.5",
            "0.8660254037844386467637231707529361834714"
          ],
          "reason": "collision_13_14"
        },
        {
          "state_index": 1,
          "vertex": 13,
          "anchors": [
            3,
            18
          ],
          "candidate": [
            "1.5",
            "-0.8660254037844386467637231707529361834714"
          ],
          "reason": "collision_13_14"
        }
      ],
      "failure_count": 2
    },
    {
      "step": 5,
      "vertex": 12,
      "anchors": [
        1,
        13
      ],
      "states_in": 2,
      "states_out": 2,
      "failures": [
        {
          "state_index": 0,
          "vertex": 12,
          "anchors": [
            1,
            13
          ],
          "candidate": [
            "1.0",
            "-3.571835597757109319424323588454190498287e-102"
          ],
          "reason": "collision_12_3"
        },
        {
          "state_index": 1,
          "vertex": 12,
          "anchors": [
            1,
            13
          ],
          "candidate": [
            "1.0",
            "3.571835597757109319424323588454190498287e-102"
          ],
          "reason": "collision_12_3"
        }
      ],
      "failure_count": 2
    },
    {
      "step": 6,
      "vertex": 17,
      "anchors": [
        1,
        12
      ],
      "states_in": 2,
      "states_out": 0,
      "failures": [
        {
          "state_index": 0,
          "vertex": 17,
          "anchors": [
            1,
            12
          ],
          "candidate": [
            "1.0",
            "0.0"
          ],
          "reason": "collision_17_3"
        },
        {
          "state_index": 0,
          "vertex": 17,
          "anchors": [
            1,
            12
          ],
          "candidate": [
            "-0.5",
            "-0.8660254037844386467637231707529361834714"
          ],
          "reason": "edge_17_18_error_6.0"
        },
        {
          "state_index": 1,
          "vertex": 17,
          "anchors": [
            1,
            12
          ],
          "candidate": [
            "-0.5",
            "0.8660254037844386467637231707529361834714"
          ],
          "reason": "edge_17_18_error_6.0"
        },
        {
          "state_index": 1,
          "vertex": 17,
          "anchors": [
            1,
            12
          ],
          "candidate": [
            "1.0",
            "0.0"
          ],
          "reason": "collision_17_3"
        }
      ],
      "failure_count": 4
    }
  ],
  "source": "class_0418_e79",
  "n": 25,
  "edge_count": 79,
  "precision_digits": 100,
  "tolerance": "1e-40",
  "interpretation": "eliminated means all finite trilateration branches from the reported seed edge failed; survived means a numerically valid branch remains and needs exact/interval verification."
}