{
  "status": "eliminated",
  "seed_edge": [
    1,
    2
  ],
  "order": [
    [
      13,
      1,
      2
    ],
    [
      18,
      1,
      2
    ],
    [
      17,
      2,
      18
    ],
    [
      4,
      13,
      17
    ],
    [
      10,
      4,
      13
    ],
    [
      16,
      4,
      10
    ],
    [
      5,
      1,
      16
    ],
    [
      14,
      1,
      5
    ],
    [
      15,
      4,
      5
    ],
    [
      19,
      5,
      14
    ],
    [
      9,
      10,
      18
    ],
    [
      20,
      9,
      10
    ],
    [
      22,
      2,
      5
    ],
    [
      7,
      5,
      15
    ],
    [
      8,
      7,
      9
    ],
    [
      11,
      8,
      14
    ],
    [
      12,
      11,
      16
    ],
    [
      21,
      4,
      7
    ],
    [
      23,
      2,
      11
    ],
    [
      3,
      2,
      7
    ],
    [
      6,
      3,
      11
    ],
    [
      25,
      3,
      7
    ],
    [
      24,
      13,
      15
    ]
  ],
  "eliminated_at_step": 4,
  "max_width": 2,
  "eliminations": [
    {
      "step": 1,
      "vertex": 13,
      "anchors": [
        1,
        2
      ],
      "states_in": 1,
      "states_out": 2,
      "failures": [],
      "failure_count": 0
    },
    {
      "step": 2,
      "vertex": 18,
      "anchors": [
        1,
        2
      ],
      "states_in": 2,
      "states_out": 2,
      "failures": [
        {
          "state_index": 0,
          "vertex": 18,
          "anchors": [
            1,
            2
          ],
          "candidate": [
            "0.5",
            "0.8660254037844386467637231707529361834714"
          ],
          "reason": "collision_18_13"
        },
        {
          "state_index": 1,
          "vertex": 18,
          "anchors": [
            1,
            2
          ],
          "candidate": [
            "0.5",
            "-0.8660254037844386467637231707529361834714"
          ],
          "reason": "collision_18_13"
        }
      ],
      "failure_count": 2
    },
    {
      "step": 3,
      "vertex": 17,
      "anchors": [
        2,
        18
      ],
      "states_in": 2,
      "states_out": 2,
      "failures": [
        {
          "state_index": 0,
          "vertex": 17,
          "anchors": [
            2,
            18
          ],
          "candidate": [
            "-7.143671195514218638848647176908380996574e-102",
            "0.0"
          ],
          "reason": "collision_17_1"
        },
        {
          "state_index": 1,
          "vertex": 17,
          "anchors": [
            2,
            18
          ],
          "candidate": [
            "-7.143671195514218638848647176908380996574e-102",
            "0.0"
          ],
          "reason": "collision_17_1"
        }
      ],
      "failure_count": 2
    },
    {
      "step": 4,
      "vertex": 4,
      "anchors": [
        13,
        17
      ],
      "states_in": 2,
      "states_out": 0,
      "failures": [
        {
          "state_index": 0,
          "vertex": 4,
          "anchors": [
            13,
            17
          ],
          "candidate": [
            "1.0",
            "0.0"
          ],
          "reason": "collision_4_2"
        },
        {
          "state_index": 1,
          "vertex": 4,
          "anchors": [
            13,
            17
          ],
          "candidate": [
            "1.0",
            "0.0"
          ],
          "reason": "collision_4_2"
        }
      ],
      "failure_count": 2
    }
  ],
  "source": "class_0282_e80",
  "n": 25,
  "edge_count": 80,
  "precision_digits": 100,
  "tolerance": "1e-40",
  "interpretation": "eliminated means all finite trilateration branches from the reported seed edge failed; survived means a numerically valid branch remains and needs exact/interval verification."
}