{
  "status": "eliminated",
  "seed_edge": [
    1,
    2
  ],
  "order": [
    [
      18,
      1,
      2
    ],
    [
      9,
      2,
      18
    ],
    [
      10,
      2,
      9
    ],
    [
      8,
      9,
      10
    ],
    [
      11,
      1,
      10
    ],
    [
      20,
      8,
      11
    ],
    [
      6,
      1,
      11
    ],
    [
      14,
      6,
      10
    ],
    [
      16,
      6,
      8
    ],
    [
      22,
      6,
      18
    ],
    [
      15,
      2,
      14
    ],
    [
      7,
      8,
      15
    ],
    [
      25,
      7,
      14
    ],
    [
      3,
      7,
      11
    ],
    [
      17,
      1,
      3
    ],
    [
      5,
      14,
      17
    ],
    [
      19,
      3,
      9
    ],
    [
      23,
      3,
      5
    ],
    [
      21,
      2,
      5
    ],
    [
      4,
      1,
      16
    ],
    [
      24,
      4,
      5
    ],
    [
      12,
      2,
      4
    ],
    [
      13,
      7,
      8
    ]
  ],
  "eliminated_at_step": 5,
  "max_width": 2,
  "eliminations": [
    {
      "step": 1,
      "vertex": 18,
      "anchors": [
        1,
        2
      ],
      "states_in": 1,
      "states_out": 2,
      "failures": [],
      "failure_count": 0
    },
    {
      "step": 2,
      "vertex": 9,
      "anchors": [
        2,
        18
      ],
      "states_in": 2,
      "states_out": 2,
      "failures": [
        {
          "state_index": 0,
          "vertex": 9,
          "anchors": [
            2,
            18
          ],
          "candidate": [
            "-7.143671195514218638848647176908380996574e-102",
            "0.0"
          ],
          "reason": "collision_9_1"
        },
        {
          "state_index": 1,
          "vertex": 9,
          "anchors": [
            2,
            18
          ],
          "candidate": [
            "-7.143671195514218638848647176908380996574e-102",
            "0.0"
          ],
          "reason": "collision_9_1"
        }
      ],
      "failure_count": 2
    },
    {
      "step": 3,
      "vertex": 10,
      "anchors": [
        2,
        9
      ],
      "states_in": 2,
      "states_out": 2,
      "failures": [
        {
          "state_index": 0,
          "vertex": 10,
          "anchors": [
            2,
            9
          ],
          "candidate": [
            "0.5",
            "0.8660254037844386467637231707529361834714"
          ],
          "reason": "collision_10_18"
        },
        {
          "state_index": 1,
          "vertex": 10,
          "anchors": [
            2,
            9
          ],
          "candidate": [
            "0.5",
            "-0.8660254037844386467637231707529361834714"
          ],
          "reason": "collision_10_18"
        }
      ],
      "failure_count": 2
    },
    {
      "step": 4,
      "vertex": 8,
      "anchors": [
        9,
        10
      ],
      "states_in": 2,
      "states_out": 2,
      "failures": [
        {
          "state_index": 0,
          "vertex": 8,
          "anchors": [
            9,
            10
          ],
          "candidate": [
            "1.0",
            "0.0"
          ],
          "reason": "collision_8_2"
        },
        {
          "state_index": 1,
          "vertex": 8,
          "anchors": [
            9,
            10
          ],
          "candidate": [
            "1.0",
            "0.0"
          ],
          "reason": "collision_8_2"
        }
      ],
      "failure_count": 2
    },
    {
      "step": 5,
      "vertex": 11,
      "anchors": [
        1,
        10
      ],
      "states_in": 2,
      "states_out": 0,
      "failures": [
        {
          "state_index": 0,
          "vertex": 11,
          "anchors": [
            1,
            10
          ],
          "candidate": [
            "1.0",
            "0.0"
          ],
          "reason": "collision_11_2"
        },
        {
          "state_index": 1,
          "vertex": 11,
          "anchors": [
            1,
            10
          ],
          "candidate": [
            "1.0",
            "0.0"
          ],
          "reason": "collision_11_2"
        }
      ],
      "failure_count": 2
    }
  ],
  "source": "class_0431_e79",
  "n": 25,
  "edge_count": 79,
  "precision_digits": 100,
  "tolerance": "1e-40",
  "interpretation": "eliminated means all finite trilateration branches from the reported seed edge failed; survived means a numerically valid branch remains and needs exact/interval verification."
}