{
  "status": "eliminated",
  "seed_edge": [
    1,
    2
  ],
  "order": [
    [
      21,
      1,
      2
    ],
    [
      22,
      1,
      2
    ],
    [
      10,
      2,
      22
    ],
    [
      3,
      2,
      10
    ],
    [
      16,
      3,
      21
    ],
    [
      5,
      16,
      22
    ],
    [
      4,
      1,
      5
    ],
    [
      7,
      3,
      4
    ],
    [
      11,
      2,
      4
    ],
    [
      15,
      4,
      7
    ],
    [
      24,
      2,
      7
    ],
    [
      6,
      10,
      11
    ],
    [
      9,
      5,
      6
    ],
    [
      12,
      5,
      21
    ],
    [
      20,
      6,
      7
    ],
    [
      14,
      3,
      11
    ],
    [
      23,
      1,
      3
    ],
    [
      13,
      15,
      22
    ],
    [
      17,
      9,
      13
    ],
    [
      19,
      11,
      13
    ],
    [
      25,
      1,
      6
    ],
    [
      8,
      7,
      19
    ],
    [
      18,
      3,
      5
    ]
  ],
  "eliminated_at_step": 6,
  "max_width": 2,
  "eliminations": [
    {
      "step": 1,
      "vertex": 21,
      "anchors": [
        1,
        2
      ],
      "states_in": 1,
      "states_out": 2,
      "failures": [],
      "failure_count": 0
    },
    {
      "step": 2,
      "vertex": 22,
      "anchors": [
        1,
        2
      ],
      "states_in": 2,
      "states_out": 2,
      "failures": [
        {
          "state_index": 0,
          "vertex": 22,
          "anchors": [
            1,
            2
          ],
          "candidate": [
            "0.5",
            "0.8660254037844386467637231707529361834714"
          ],
          "reason": "collision_22_21"
        },
        {
          "state_index": 1,
          "vertex": 22,
          "anchors": [
            1,
            2
          ],
          "candidate": [
            "0.5",
            "-0.8660254037844386467637231707529361834714"
          ],
          "reason": "collision_22_21"
        }
      ],
      "failure_count": 2
    },
    {
      "step": 3,
      "vertex": 10,
      "anchors": [
        2,
        22
      ],
      "states_in": 2,
      "states_out": 2,
      "failures": [
        {
          "state_index": 0,
          "vertex": 10,
          "anchors": [
            2,
            22
          ],
          "candidate": [
            "-7.143671195514218638848647176908380996574e-102",
            "0.0"
          ],
          "reason": "collision_10_1"
        },
        {
          "state_index": 1,
          "vertex": 10,
          "anchors": [
            2,
            22
          ],
          "candidate": [
            "-7.143671195514218638848647176908380996574e-102",
            "0.0"
          ],
          "reason": "collision_10_1"
        }
      ],
      "failure_count": 2
    },
    {
      "step": 4,
      "vertex": 3,
      "anchors": [
        2,
        10
      ],
      "states_in": 2,
      "states_out": 2,
      "failures": [
        {
          "state_index": 0,
          "vertex": 3,
          "anchors": [
            2,
            10
          ],
          "candidate": [
            "0.5",
            "-0.8660254037844386467637231707529361834714"
          ],
          "reason": "collision_3_22"
        },
        {
          "state_index": 1,
          "vertex": 3,
          "anchors": [
            2,
            10
          ],
          "candidate": [
            "0.5",
            "0.8660254037844386467637231707529361834714"
          ],
          "reason": "collision_3_22"
        }
      ],
      "failure_count": 2
    },
    {
      "step": 5,
      "vertex": 16,
      "anchors": [
        3,
        21
      ],
      "states_in": 2,
      "states_out": 2,
      "failures": [
        {
          "state_index": 0,
          "vertex": 16,
          "anchors": [
            3,
            21
          ],
          "candidate": [
            "1.0",
            "3.571835597757109319424323588454190498287e-102"
          ],
          "reason": "collision_16_2"
        },
        {
          "state_index": 1,
          "vertex": 16,
          "anchors": [
            3,
            21
          ],
          "candidate": [
            "1.0",
            "-3.571835597757109319424323588454190498287e-102"
          ],
          "reason": "collision_16_2"
        }
      ],
      "failure_count": 2
    },
    {
      "step": 6,
      "vertex": 5,
      "anchors": [
        16,
        22
      ],
      "states_in": 2,
      "states_out": 0,
      "failures": [
        {
          "state_index": 0,
          "vertex": 5,
          "anchors": [
            16,
            22
          ],
          "candidate": [
            "1.0",
            "0.0"
          ],
          "reason": "collision_5_2"
        },
        {
          "state_index": 1,
          "vertex": 5,
          "anchors": [
            16,
            22
          ],
          "candidate": [
            "1.0",
            "0.0"
          ],
          "reason": "collision_5_2"
        }
      ],
      "failure_count": 2
    }
  ],
  "source": "class_0173_e80",
  "n": 25,
  "edge_count": 80,
  "precision_digits": 100,
  "tolerance": "1e-40",
  "interpretation": "eliminated means all finite trilateration branches from the reported seed edge failed; survived means a numerically valid branch remains and needs exact/interval verification."
}