{
  "status": "eliminated",
  "seed_edge": [
    2,
    4
  ],
  "order": [
    [
      17,
      2,
      4
    ],
    [
      21,
      2,
      4
    ],
    [
      24,
      4,
      17
    ],
    [
      7,
      21,
      24
    ],
    [
      1,
      2,
      7
    ],
    [
      11,
      1,
      17
    ],
    [
      3,
      7,
      21
    ],
    [
      20,
      3,
      7
    ],
    [
      15,
      3,
      4
    ],
    [
      5,
      1,
      11
    ],
    [
      6,
      4,
      5
    ],
    [
      13,
      5,
      6
    ],
    [
      8,
      1,
      4
    ],
    [
      18,
      8,
      11
    ],
    [
      10,
      2,
      5
    ],
    [
      12,
      3,
      8
    ],
    [
      16,
      8,
      12
    ],
    [
      19,
      2,
      10
    ],
    [
      14,
      6,
      11
    ],
    [
      22,
      1,
      6
    ],
    [
      25,
      3,
      10
    ],
    [
      23,
      4,
      10
    ],
    [
      9,
      7,
      10
    ]
  ],
  "eliminated_at_step": 4,
  "max_width": 2,
  "eliminations": [
    {
      "step": 1,
      "vertex": 17,
      "anchors": [
        2,
        4
      ],
      "states_in": 1,
      "states_out": 2,
      "failures": [],
      "failure_count": 0
    },
    {
      "step": 2,
      "vertex": 21,
      "anchors": [
        2,
        4
      ],
      "states_in": 2,
      "states_out": 2,
      "failures": [
        {
          "state_index": 0,
          "vertex": 21,
          "anchors": [
            2,
            4
          ],
          "candidate": [
            "0.5",
            "0.8660254037844386467637231707529361834714"
          ],
          "reason": "collision_21_17"
        },
        {
          "state_index": 1,
          "vertex": 21,
          "anchors": [
            2,
            4
          ],
          "candidate": [
            "0.5",
            "-0.8660254037844386467637231707529361834714"
          ],
          "reason": "collision_21_17"
        }
      ],
      "failure_count": 2
    },
    {
      "step": 3,
      "vertex": 24,
      "anchors": [
        4,
        17
      ],
      "states_in": 2,
      "states_out": 2,
      "failures": [
        {
          "state_index": 0,
          "vertex": 24,
          "anchors": [
            4,
            17
          ],
          "candidate": [
            "-7.143671195514218638848647176908380996574e-102",
            "0.0"
          ],
          "reason": "collision_24_2"
        },
        {
          "state_index": 1,
          "vertex": 24,
          "anchors": [
            4,
            17
          ],
          "candidate": [
            "-7.143671195514218638848647176908380996574e-102",
            "0.0"
          ],
          "reason": "collision_24_2"
        }
      ],
      "failure_count": 2
    },
    {
      "step": 4,
      "vertex": 7,
      "anchors": [
        21,
        24
      ],
      "states_in": 2,
      "states_out": 0,
      "failures": [
        {
          "state_index": 0,
          "vertex": 7,
          "anchors": [
            21,
            24
          ],
          "candidate": [
            "1.0",
            "0.0"
          ],
          "reason": "collision_7_4"
        },
        {
          "state_index": 1,
          "vertex": 7,
          "anchors": [
            21,
            24
          ],
          "candidate": [
            "1.0",
            "0.0"
          ],
          "reason": "collision_7_4"
        }
      ],
      "failure_count": 2
    }
  ],
  "source": "class_0333_e80",
  "n": 25,
  "edge_count": 80,
  "precision_digits": 100,
  "tolerance": "1e-40",
  "interpretation": "eliminated means all finite trilateration branches from the reported seed edge failed; survived means a numerically valid branch remains and needs exact/interval verification."
}