{
  "status": "eliminated",
  "seed_edge": [
    1,
    5
  ],
  "order": [
    [
      7,
      1,
      5
    ],
    [
      14,
      5,
      7
    ],
    [
      12,
      5,
      14
    ],
    [
      11,
      12,
      14
    ],
    [
      2,
      11,
      14
    ],
    [
      3,
      7,
      11
    ],
    [
      21,
      2,
      3
    ],
    [
      25,
      1,
      2
    ],
    [
      13,
      12,
      21
    ],
    [
      15,
      7,
      13
    ],
    [
      22,
      1,
      11
    ],
    [
      9,
      3,
      15
    ],
    [
      10,
      1,
      9
    ],
    [
      6,
      9,
      10
    ],
    [
      19,
      3,
      6
    ],
    [
      16,
      2,
      15
    ],
    [
      17,
      5,
      9
    ],
    [
      20,
      2,
      7
    ],
    [
      4,
      6,
      7
    ],
    [
      8,
      1,
      4
    ],
    [
      23,
      4,
      5
    ],
    [
      18,
      3,
      8
    ],
    [
      24,
      8,
      14
    ]
  ],
  "eliminated_at_step": 6,
  "max_width": 2,
  "eliminations": [
    {
      "step": 1,
      "vertex": 7,
      "anchors": [
        1,
        5
      ],
      "states_in": 1,
      "states_out": 2,
      "failures": [],
      "failure_count": 0
    },
    {
      "step": 2,
      "vertex": 14,
      "anchors": [
        5,
        7
      ],
      "states_in": 2,
      "states_out": 2,
      "failures": [
        {
          "state_index": 0,
          "vertex": 14,
          "anchors": [
            5,
            7
          ],
          "candidate": [
            "-7.143671195514218638848647176908380996574e-102",
            "0.0"
          ],
          "reason": "collision_14_1"
        },
        {
          "state_index": 1,
          "vertex": 14,
          "anchors": [
            5,
            7
          ],
          "candidate": [
            "-7.143671195514218638848647176908380996574e-102",
            "0.0"
          ],
          "reason": "collision_14_1"
        }
      ],
      "failure_count": 2
    },
    {
      "step": 3,
      "vertex": 12,
      "anchors": [
        5,
        14
      ],
      "states_in": 2,
      "states_out": 2,
      "failures": [
        {
          "state_index": 0,
          "vertex": 12,
          "anchors": [
            5,
            14
          ],
          "candidate": [
            "0.5",
            "0.8660254037844386467637231707529361834714"
          ],
          "reason": "collision_12_7"
        },
        {
          "state_index": 1,
          "vertex": 12,
          "anchors": [
            5,
            14
          ],
          "candidate": [
            "0.5",
            "-0.8660254037844386467637231707529361834714"
          ],
          "reason": "collision_12_7"
        }
      ],
      "failure_count": 2
    },
    {
      "step": 4,
      "vertex": 11,
      "anchors": [
        12,
        14
      ],
      "states_in": 2,
      "states_out": 2,
      "failures": [
        {
          "state_index": 0,
          "vertex": 11,
          "anchors": [
            12,
            14
          ],
          "candidate": [
            "1.0",
            "0.0"
          ],
          "reason": "collision_11_5"
        },
        {
          "state_index": 1,
          "vertex": 11,
          "anchors": [
            12,
            14
          ],
          "candidate": [
            "1.0",
            "0.0"
          ],
          "reason": "collision_11_5"
        }
      ],
      "failure_count": 2
    },
    {
      "step": 5,
      "vertex": 2,
      "anchors": [
        11,
        14
      ],
      "states_in": 2,
      "states_out": 2,
      "failures": [
        {
          "state_index": 0,
          "vertex": 2,
          "anchors": [
            11,
            14
          ],
          "candidate": [
            "2.0",
            "0.0"
          ],
          "reason": "collision_2_12"
        },
        {
          "state_index": 1,
          "vertex": 2,
          "anchors": [
            11,
            14
          ],
          "candidate": [
            "2.0",
            "0.0"
          ],
          "reason": "collision_2_12"
        }
      ],
      "failure_count": 2
    },
    {
      "step": 6,
      "vertex": 3,
      "anchors": [
        7,
        11
      ],
      "states_in": 2,
      "states_out": 0,
      "failures": [
        {
          "state_index": 0,
          "vertex": 3,
          "anchors": [
            7,
            11
          ],
          "candidate": [
            "1.5",
            "0.8660254037844386467637231707529361834714"
          ],
          "reason": "collision_3_14"
        },
        {
          "state_index": 1,
          "vertex": 3,
          "anchors": [
            7,
            11
          ],
          "candidate": [
            "1.5",
            "-0.8660254037844386467637231707529361834714"
          ],
          "reason": "collision_3_14"
        }
      ],
      "failure_count": 2
    }
  ],
  "source": "class_0104_e80",
  "n": 25,
  "edge_count": 80,
  "precision_digits": 100,
  "tolerance": "1e-40",
  "interpretation": "eliminated means all finite trilateration branches from the reported seed edge failed; survived means a numerically valid branch remains and needs exact/interval verification."
}