{
  "status": "eliminated",
  "seed_edge": [
    1,
    2
  ],
  "order": [
    [
      8,
      1,
      2
    ],
    [
      10,
      2,
      8
    ],
    [
      12,
      2,
      10
    ],
    [
      6,
      1,
      12
    ],
    [
      11,
      6,
      10
    ],
    [
      13,
      6,
      11
    ],
    [
      23,
      6,
      8
    ],
    [
      7,
      2,
      13
    ],
    [
      14,
      7,
      10
    ],
    [
      5,
      7,
      12
    ],
    [
      22,
      1,
      5
    ],
    [
      3,
      6,
      14
    ],
    [
      16,
      5,
      8
    ],
    [
      17,
      5,
      6
    ],
    [
      21,
      8,
      17
    ],
    [
      4,
      2,
      7
    ],
    [
      18,
      2,
      3
    ],
    [
      24,
      1,
      5
    ],
    [
      9,
      3,
      12
    ],
    [
      19,
      1,
      4
    ],
    [
      20,
      4,
      10
    ],
    [
      25,
      3,
      10
    ],
    [
      15,
      9,
      10
    ]
  ],
  "eliminated_at_step": 4,
  "max_width": 2,
  "eliminations": [
    {
      "step": 1,
      "vertex": 8,
      "anchors": [
        1,
        2
      ],
      "states_in": 1,
      "states_out": 2,
      "failures": [],
      "failure_count": 0
    },
    {
      "step": 2,
      "vertex": 10,
      "anchors": [
        2,
        8
      ],
      "states_in": 2,
      "states_out": 2,
      "failures": [
        {
          "state_index": 0,
          "vertex": 10,
          "anchors": [
            2,
            8
          ],
          "candidate": [
            "-7.143671195514218638848647176908380996574e-102",
            "0.0"
          ],
          "reason": "collision_10_1"
        },
        {
          "state_index": 1,
          "vertex": 10,
          "anchors": [
            2,
            8
          ],
          "candidate": [
            "-7.143671195514218638848647176908380996574e-102",
            "0.0"
          ],
          "reason": "collision_10_1"
        }
      ],
      "failure_count": 2
    },
    {
      "step": 3,
      "vertex": 12,
      "anchors": [
        2,
        10
      ],
      "states_in": 2,
      "states_out": 2,
      "failures": [
        {
          "state_index": 0,
          "vertex": 12,
          "anchors": [
            2,
            10
          ],
          "candidate": [
            "0.5",
            "0.8660254037844386467637231707529361834714"
          ],
          "reason": "collision_12_8"
        },
        {
          "state_index": 1,
          "vertex": 12,
          "anchors": [
            2,
            10
          ],
          "candidate": [
            "0.5",
            "-0.8660254037844386467637231707529361834714"
          ],
          "reason": "collision_12_8"
        }
      ],
      "failure_count": 2
    },
    {
      "step": 4,
      "vertex": 6,
      "anchors": [
        1,
        12
      ],
      "states_in": 2,
      "states_out": 0,
      "failures": [
        {
          "state_index": 0,
          "vertex": 6,
          "anchors": [
            1,
            12
          ],
          "candidate": [
            "1.0",
            "0.0"
          ],
          "reason": "collision_6_2"
        },
        {
          "state_index": 1,
          "vertex": 6,
          "anchors": [
            1,
            12
          ],
          "candidate": [
            "1.0",
            "0.0"
          ],
          "reason": "collision_6_2"
        }
      ],
      "failure_count": 2
    }
  ],
  "source": "class_0231_e80",
  "n": 25,
  "edge_count": 80,
  "precision_digits": 100,
  "tolerance": "1e-40",
  "interpretation": "eliminated means all finite trilateration branches from the reported seed edge failed; survived means a numerically valid branch remains and needs exact/interval verification."
}