{
  "status": "eliminated",
  "seed_edge": [
    1,
    4
  ],
  "order": [
    [
      21,
      1,
      4
    ],
    [
      17,
      4,
      21
    ],
    [
      7,
      4,
      17
    ],
    [
      16,
      4,
      7
    ],
    [
      10,
      7,
      16
    ],
    [
      5,
      1,
      10
    ],
    [
      15,
      5,
      10
    ],
    [
      6,
      4,
      5
    ],
    [
      24,
      5,
      16
    ],
    [
      8,
      5,
      17
    ],
    [
      11,
      4,
      6
    ],
    [
      9,
      8,
      10
    ],
    [
      22,
      9,
      10
    ],
    [
      13,
      7,
      11
    ],
    [
      2,
      13,
      15
    ],
    [
      3,
      2,
      6
    ],
    [
      14,
      2,
      15
    ],
    [
      18,
      6,
      9
    ],
    [
      19,
      1,
      3
    ],
    [
      25,
      1,
      11
    ],
    [
      12,
      7,
      9
    ],
    [
      20,
      3,
      5
    ],
    [
      23,
      1,
      2
    ]
  ],
  "eliminated_at_step": 6,
  "max_width": 2,
  "eliminations": [
    {
      "step": 1,
      "vertex": 21,
      "anchors": [
        1,
        4
      ],
      "states_in": 1,
      "states_out": 2,
      "failures": [],
      "failure_count": 0
    },
    {
      "step": 2,
      "vertex": 17,
      "anchors": [
        4,
        21
      ],
      "states_in": 2,
      "states_out": 2,
      "failures": [
        {
          "state_index": 0,
          "vertex": 17,
          "anchors": [
            4,
            21
          ],
          "candidate": [
            "-7.143671195514218638848647176908380996574e-102",
            "0.0"
          ],
          "reason": "collision_17_1"
        },
        {
          "state_index": 1,
          "vertex": 17,
          "anchors": [
            4,
            21
          ],
          "candidate": [
            "-7.143671195514218638848647176908380996574e-102",
            "0.0"
          ],
          "reason": "collision_17_1"
        }
      ],
      "failure_count": 2
    },
    {
      "step": 3,
      "vertex": 7,
      "anchors": [
        4,
        17
      ],
      "states_in": 2,
      "states_out": 2,
      "failures": [
        {
          "state_index": 0,
          "vertex": 7,
          "anchors": [
            4,
            17
          ],
          "candidate": [
            "0.5",
            "0.8660254037844386467637231707529361834714"
          ],
          "reason": "collision_7_21"
        },
        {
          "state_index": 1,
          "vertex": 7,
          "anchors": [
            4,
            17
          ],
          "candidate": [
            "0.5",
            "-0.8660254037844386467637231707529361834714"
          ],
          "reason": "collision_7_21"
        }
      ],
      "failure_count": 2
    },
    {
      "step": 4,
      "vertex": 16,
      "anchors": [
        4,
        7
      ],
      "states_in": 2,
      "states_out": 2,
      "failures": [
        {
          "state_index": 0,
          "vertex": 16,
          "anchors": [
            4,
            7
          ],
          "candidate": [
            "1.5",
            "0.8660254037844386467637231707529361834714"
          ],
          "reason": "collision_16_17"
        },
        {
          "state_index": 1,
          "vertex": 16,
          "anchors": [
            4,
            7
          ],
          "candidate": [
            "1.5",
            "-0.8660254037844386467637231707529361834714"
          ],
          "reason": "collision_16_17"
        }
      ],
      "failure_count": 2
    },
    {
      "step": 5,
      "vertex": 10,
      "anchors": [
        7,
        16
      ],
      "states_in": 2,
      "states_out": 2,
      "failures": [
        {
          "state_index": 0,
          "vertex": 10,
          "anchors": [
            7,
            16
          ],
          "candidate": [
            "1.0",
            "0.0"
          ],
          "reason": "collision_10_4"
        },
        {
          "state_index": 1,
          "vertex": 10,
          "anchors": [
            7,
            16
          ],
          "candidate": [
            "1.0",
            "0.0"
          ],
          "reason": "collision_10_4"
        }
      ],
      "failure_count": 2
    },
    {
      "step": 6,
      "vertex": 5,
      "anchors": [
        1,
        10
      ],
      "states_in": 2,
      "states_out": 0,
      "failures": [
        {
          "state_index": 0,
          "vertex": 5,
          "anchors": [
            1,
            10
          ],
          "reason": "anchor_circles_do_not_intersect"
        },
        {
          "state_index": 1,
          "vertex": 5,
          "anchors": [
            1,
            10
          ],
          "reason": "anchor_circles_do_not_intersect"
        }
      ],
      "failure_count": 2
    }
  ],
  "source": "class_0041_e81",
  "n": 25,
  "edge_count": 81,
  "precision_digits": 100,
  "tolerance": "1e-40",
  "interpretation": "eliminated means all finite trilateration branches from the reported seed edge failed; survived means a numerically valid branch remains and needs exact/interval verification."
}