{
  "status": "eliminated",
  "seed_edge": [
    1,
    11
  ],
  "order": [
    [
      16,
      1,
      11
    ],
    [
      5,
      11,
      16
    ],
    [
      10,
      5,
      11
    ],
    [
      17,
      1,
      10
    ],
    [
      8,
      1,
      17
    ],
    [
      2,
      5,
      8
    ],
    [
      21,
      2,
      5
    ],
    [
      4,
      8,
      10
    ],
    [
      15,
      4,
      8
    ],
    [
      9,
      5,
      15
    ],
    [
      7,
      9,
      17
    ],
    [
      14,
      7,
      9
    ],
    [
      12,
      7,
      11
    ],
    [
      23,
      2,
      10
    ],
    [
      3,
      2,
      12
    ],
    [
      6,
      3,
      4
    ],
    [
      18,
      1,
      3
    ],
    [
      13,
      1,
      2
    ],
    [
      20,
      2,
      6
    ],
    [
      19,
      12,
      15
    ],
    [
      24,
      10,
      17
    ],
    [
      22,
      3,
      6
    ],
    [
      25,
      5,
      9
    ]
  ],
  "eliminated_at_step": 4,
  "max_width": 2,
  "eliminations": [
    {
      "step": 1,
      "vertex": 16,
      "anchors": [
        1,
        11
      ],
      "states_in": 1,
      "states_out": 2,
      "failures": [],
      "failure_count": 0
    },
    {
      "step": 2,
      "vertex": 5,
      "anchors": [
        11,
        16
      ],
      "states_in": 2,
      "states_out": 2,
      "failures": [
        {
          "state_index": 0,
          "vertex": 5,
          "anchors": [
            11,
            16
          ],
          "candidate": [
            "-7.143671195514218638848647176908380996574e-102",
            "0.0"
          ],
          "reason": "collision_5_1"
        },
        {
          "state_index": 1,
          "vertex": 5,
          "anchors": [
            11,
            16
          ],
          "candidate": [
            "-7.143671195514218638848647176908380996574e-102",
            "0.0"
          ],
          "reason": "collision_5_1"
        }
      ],
      "failure_count": 2
    },
    {
      "step": 3,
      "vertex": 10,
      "anchors": [
        5,
        11
      ],
      "states_in": 2,
      "states_out": 2,
      "failures": [
        {
          "state_index": 0,
          "vertex": 10,
          "anchors": [
            5,
            11
          ],
          "candidate": [
            "0.5",
            "0.8660254037844386467637231707529361834714"
          ],
          "reason": "collision_10_16"
        },
        {
          "state_index": 1,
          "vertex": 10,
          "anchors": [
            5,
            11
          ],
          "candidate": [
            "0.5",
            "-0.8660254037844386467637231707529361834714"
          ],
          "reason": "collision_10_16"
        }
      ],
      "failure_count": 2
    },
    {
      "step": 4,
      "vertex": 17,
      "anchors": [
        1,
        10
      ],
      "states_in": 2,
      "states_out": 0,
      "failures": [
        {
          "state_index": 0,
          "vertex": 17,
          "anchors": [
            1,
            10
          ],
          "candidate": [
            "1.0",
            "0.0"
          ],
          "reason": "collision_17_11"
        },
        {
          "state_index": 1,
          "vertex": 17,
          "anchors": [
            1,
            10
          ],
          "candidate": [
            "1.0",
            "0.0"
          ],
          "reason": "collision_17_11"
        }
      ],
      "failure_count": 2
    }
  ],
  "source": "class_0009_e81",
  "n": 25,
  "edge_count": 81,
  "precision_digits": 100,
  "tolerance": "1e-40",
  "interpretation": "eliminated means all finite trilateration branches from the reported seed edge failed; survived means a numerically valid branch remains and needs exact/interval verification."
}