{
  "status": "eliminated",
  "seed_edge": [
    1,
    9
  ],
  "order": [
    [
      14,
      1,
      9
    ],
    [
      17,
      9,
      14
    ],
    [
      23,
      9,
      17
    ],
    [
      4,
      17,
      23
    ],
    [
      7,
      9,
      23
    ],
    [
      3,
      7,
      14
    ],
    [
      19,
      1,
      3
    ],
    [
      15,
      1,
      4
    ],
    [
      16,
      15,
      17
    ],
    [
      8,
      3,
      16
    ],
    [
      22,
      7,
      8
    ],
    [
      2,
      3,
      4
    ],
    [
      5,
      2,
      16
    ],
    [
      18,
      5,
      7
    ],
    [
      6,
      2,
      4
    ],
    [
      21,
      1,
      2
    ],
    [
      10,
      6,
      7
    ],
    [
      11,
      6,
      8
    ],
    [
      13,
      5,
      11
    ],
    [
      24,
      3,
      6
    ],
    [
      12,
      4,
      13
    ],
    [
      20,
      6,
      10
    ],
    [
      25,
      1,
      2
    ]
  ],
  "eliminated_at_step": 6,
  "max_width": 2,
  "eliminations": [
    {
      "step": 1,
      "vertex": 14,
      "anchors": [
        1,
        9
      ],
      "states_in": 1,
      "states_out": 2,
      "failures": [],
      "failure_count": 0
    },
    {
      "step": 2,
      "vertex": 17,
      "anchors": [
        9,
        14
      ],
      "states_in": 2,
      "states_out": 2,
      "failures": [
        {
          "state_index": 0,
          "vertex": 17,
          "anchors": [
            9,
            14
          ],
          "candidate": [
            "-7.143671195514218638848647176908380996574e-102",
            "0.0"
          ],
          "reason": "collision_17_1"
        },
        {
          "state_index": 1,
          "vertex": 17,
          "anchors": [
            9,
            14
          ],
          "candidate": [
            "-7.143671195514218638848647176908380996574e-102",
            "0.0"
          ],
          "reason": "collision_17_1"
        }
      ],
      "failure_count": 2
    },
    {
      "step": 3,
      "vertex": 23,
      "anchors": [
        9,
        17
      ],
      "states_in": 2,
      "states_out": 2,
      "failures": [
        {
          "state_index": 0,
          "vertex": 23,
          "anchors": [
            9,
            17
          ],
          "candidate": [
            "0.5",
            "0.8660254037844386467637231707529361834714"
          ],
          "reason": "collision_23_14"
        },
        {
          "state_index": 1,
          "vertex": 23,
          "anchors": [
            9,
            17
          ],
          "candidate": [
            "0.5",
            "-0.8660254037844386467637231707529361834714"
          ],
          "reason": "collision_23_14"
        }
      ],
      "failure_count": 2
    },
    {
      "step": 4,
      "vertex": 4,
      "anchors": [
        17,
        23
      ],
      "states_in": 2,
      "states_out": 2,
      "failures": [
        {
          "state_index": 0,
          "vertex": 4,
          "anchors": [
            17,
            23
          ],
          "candidate": [
            "1.0",
            "0.0"
          ],
          "reason": "collision_4_9"
        },
        {
          "state_index": 1,
          "vertex": 4,
          "anchors": [
            17,
            23
          ],
          "candidate": [
            "1.0",
            "0.0"
          ],
          "reason": "collision_4_9"
        }
      ],
      "failure_count": 2
    },
    {
      "step": 5,
      "vertex": 7,
      "anchors": [
        9,
        23
      ],
      "states_in": 2,
      "states_out": 2,
      "failures": [
        {
          "state_index": 0,
          "vertex": 7,
          "anchors": [
            9,
            23
          ],
          "candidate": [
            "1.5",
            "0.8660254037844386467637231707529361834714"
          ],
          "reason": "collision_7_17"
        },
        {
          "state_index": 1,
          "vertex": 7,
          "anchors": [
            9,
            23
          ],
          "candidate": [
            "1.5",
            "-0.8660254037844386467637231707529361834714"
          ],
          "reason": "collision_7_17"
        }
      ],
      "failure_count": 2
    },
    {
      "step": 6,
      "vertex": 3,
      "anchors": [
        7,
        14
      ],
      "states_in": 2,
      "states_out": 0,
      "failures": [
        {
          "state_index": 0,
          "vertex": 3,
          "anchors": [
            7,
            14
          ],
          "candidate": [
            "1.0",
            "0.0"
          ],
          "reason": "collision_3_9"
        },
        {
          "state_index": 1,
          "vertex": 3,
          "anchors": [
            7,
            14
          ],
          "candidate": [
            "1.0",
            "0.0"
          ],
          "reason": "collision_3_9"
        }
      ],
      "failure_count": 2
    }
  ],
  "source": "class_0238_e80",
  "n": 25,
  "edge_count": 80,
  "precision_digits": 100,
  "tolerance": "1e-40",
  "interpretation": "eliminated means all finite trilateration branches from the reported seed edge failed; survived means a numerically valid branch remains and needs exact/interval verification."
}