{
  "status": "eliminated",
  "seed_edge": [
    1,
    3
  ],
  "order": [
    [
      18,
      1,
      3
    ],
    [
      19,
      1,
      3
    ],
    [
      20,
      3,
      18
    ],
    [
      6,
      3,
      20
    ],
    [
      10,
      3,
      6
    ],
    [
      4,
      10,
      18
    ],
    [
      14,
      4,
      10
    ],
    [
      12,
      1,
      10
    ],
    [
      11,
      1,
      6
    ],
    [
      8,
      11,
      14
    ],
    [
      22,
      4,
      8
    ],
    [
      7,
      4,
      19
    ],
    [
      24,
      3,
      7
    ],
    [
      25,
      6,
      7
    ],
    [
      5,
      6,
      14
    ],
    [
      13,
      1,
      5
    ],
    [
      17,
      7,
      12
    ],
    [
      9,
      1,
      4
    ],
    [
      15,
      14,
      17
    ],
    [
      23,
      5,
      6
    ],
    [
      2,
      8,
      13
    ],
    [
      21,
      2,
      10
    ],
    [
      16,
      2,
      4
    ]
  ],
  "eliminated_at_step": 6,
  "max_width": 2,
  "eliminations": [
    {
      "step": 1,
      "vertex": 18,
      "anchors": [
        1,
        3
      ],
      "states_in": 1,
      "states_out": 2,
      "failures": [],
      "failure_count": 0
    },
    {
      "step": 2,
      "vertex": 19,
      "anchors": [
        1,
        3
      ],
      "states_in": 2,
      "states_out": 2,
      "failures": [
        {
          "state_index": 0,
          "vertex": 19,
          "anchors": [
            1,
            3
          ],
          "candidate": [
            "0.5",
            "0.8660254037844386467637231707529361834714"
          ],
          "reason": "collision_19_18"
        },
        {
          "state_index": 1,
          "vertex": 19,
          "anchors": [
            1,
            3
          ],
          "candidate": [
            "0.5",
            "-0.8660254037844386467637231707529361834714"
          ],
          "reason": "collision_19_18"
        }
      ],
      "failure_count": 2
    },
    {
      "step": 3,
      "vertex": 20,
      "anchors": [
        3,
        18
      ],
      "states_in": 2,
      "states_out": 2,
      "failures": [
        {
          "state_index": 0,
          "vertex": 20,
          "anchors": [
            3,
            18
          ],
          "candidate": [
            "-7.143671195514218638848647176908380996574e-102",
            "0.0"
          ],
          "reason": "collision_20_1"
        },
        {
          "state_index": 1,
          "vertex": 20,
          "anchors": [
            3,
            18
          ],
          "candidate": [
            "-7.143671195514218638848647176908380996574e-102",
            "0.0"
          ],
          "reason": "collision_20_1"
        }
      ],
      "failure_count": 2
    },
    {
      "step": 4,
      "vertex": 6,
      "anchors": [
        3,
        20
      ],
      "states_in": 2,
      "states_out": 2,
      "failures": [
        {
          "state_index": 0,
          "vertex": 6,
          "anchors": [
            3,
            20
          ],
          "candidate": [
            "0.5",
            "0.8660254037844386467637231707529361834714"
          ],
          "reason": "collision_6_18"
        },
        {
          "state_index": 1,
          "vertex": 6,
          "anchors": [
            3,
            20
          ],
          "candidate": [
            "0.5",
            "-0.8660254037844386467637231707529361834714"
          ],
          "reason": "collision_6_18"
        }
      ],
      "failure_count": 2
    },
    {
      "step": 5,
      "vertex": 10,
      "anchors": [
        3,
        6
      ],
      "states_in": 2,
      "states_out": 2,
      "failures": [
        {
          "state_index": 0,
          "vertex": 10,
          "anchors": [
            3,
            6
          ],
          "candidate": [
            "1.5",
            "0.8660254037844386467637231707529361834714"
          ],
          "reason": "collision_10_20"
        },
        {
          "state_index": 1,
          "vertex": 10,
          "anchors": [
            3,
            6
          ],
          "candidate": [
            "1.5",
            "-0.8660254037844386467637231707529361834714"
          ],
          "reason": "collision_10_20"
        }
      ],
      "failure_count": 2
    },
    {
      "step": 6,
      "vertex": 4,
      "anchors": [
        10,
        18
      ],
      "states_in": 2,
      "states_out": 0,
      "failures": [
        {
          "state_index": 0,
          "vertex": 4,
          "anchors": [
            10,
            18
          ],
          "candidate": [
            "1.0",
            "0.0"
          ],
          "reason": "collision_4_3"
        },
        {
          "state_index": 1,
          "vertex": 4,
          "anchors": [
            10,
            18
          ],
          "candidate": [
            "1.0",
            "0.0"
          ],
          "reason": "collision_4_3"
        }
      ],
      "failure_count": 2
    }
  ],
  "source": "class_0363_e79",
  "n": 25,
  "edge_count": 79,
  "precision_digits": 100,
  "tolerance": "1e-40",
  "interpretation": "eliminated means all finite trilateration branches from the reported seed edge failed; survived means a numerically valid branch remains and needs exact/interval verification."
}