{
  "status": "eliminated",
  "seed_edge": [
    1,
    10
  ],
  "order": [
    [
      24,
      1,
      10
    ],
    [
      5,
      10,
      24
    ],
    [
      23,
      5,
      10
    ],
    [
      12,
      5,
      23
    ],
    [
      4,
      5,
      12
    ],
    [
      3,
      4,
      5
    ],
    [
      8,
      4,
      10
    ],
    [
      15,
      8,
      12
    ],
    [
      16,
      3,
      8
    ],
    [
      21,
      1,
      3
    ],
    [
      11,
      1,
      15
    ],
    [
      2,
      4,
      8
    ],
    [
      9,
      2,
      11
    ],
    [
      17,
      8,
      9
    ],
    [
      25,
      9,
      12
    ],
    [
      13,
      4,
      11
    ],
    [
      18,
      2,
      3
    ],
    [
      14,
      1,
      3
    ],
    [
      6,
      13,
      14
    ],
    [
      22,
      1,
      2
    ],
    [
      7,
      5,
      6
    ],
    [
      19,
      7,
      10
    ],
    [
      20,
      2,
      19
    ]
  ],
  "eliminated_at_step": 7,
  "max_width": 2,
  "eliminations": [
    {
      "step": 1,
      "vertex": 24,
      "anchors": [
        1,
        10
      ],
      "states_in": 1,
      "states_out": 2,
      "failures": [],
      "failure_count": 0
    },
    {
      "step": 2,
      "vertex": 5,
      "anchors": [
        10,
        24
      ],
      "states_in": 2,
      "states_out": 2,
      "failures": [
        {
          "state_index": 0,
          "vertex": 5,
          "anchors": [
            10,
            24
          ],
          "candidate": [
            "-7.143671195514218638848647176908380996574e-102",
            "0.0"
          ],
          "reason": "collision_5_1"
        },
        {
          "state_index": 1,
          "vertex": 5,
          "anchors": [
            10,
            24
          ],
          "candidate": [
            "-7.143671195514218638848647176908380996574e-102",
            "0.0"
          ],
          "reason": "collision_5_1"
        }
      ],
      "failure_count": 2
    },
    {
      "step": 3,
      "vertex": 23,
      "anchors": [
        5,
        10
      ],
      "states_in": 2,
      "states_out": 2,
      "failures": [
        {
          "state_index": 0,
          "vertex": 23,
          "anchors": [
            5,
            10
          ],
          "candidate": [
            "0.5",
            "0.8660254037844386467637231707529361834714"
          ],
          "reason": "collision_23_24"
        },
        {
          "state_index": 1,
          "vertex": 23,
          "anchors": [
            5,
            10
          ],
          "candidate": [
            "0.5",
            "-0.8660254037844386467637231707529361834714"
          ],
          "reason": "collision_23_24"
        }
      ],
      "failure_count": 2
    },
    {
      "step": 4,
      "vertex": 12,
      "anchors": [
        5,
        23
      ],
      "states_in": 2,
      "states_out": 2,
      "failures": [
        {
          "state_index": 0,
          "vertex": 12,
          "anchors": [
            5,
            23
          ],
          "candidate": [
            "1.0",
            "0.0"
          ],
          "reason": "collision_12_10"
        },
        {
          "state_index": 1,
          "vertex": 12,
          "anchors": [
            5,
            23
          ],
          "candidate": [
            "1.0",
            "0.0"
          ],
          "reason": "collision_12_10"
        }
      ],
      "failure_count": 2
    },
    {
      "step": 5,
      "vertex": 4,
      "anchors": [
        5,
        12
      ],
      "states_in": 2,
      "states_out": 2,
      "failures": [
        {
          "state_index": 0,
          "vertex": 4,
          "anchors": [
            5,
            12
          ],
          "candidate": [
            "2.0",
            "0.0"
          ],
          "reason": "collision_4_23"
        },
        {
          "state_index": 1,
          "vertex": 4,
          "anchors": [
            5,
            12
          ],
          "candidate": [
            "2.0",
            "0.0"
          ],
          "reason": "collision_4_23"
        }
      ],
      "failure_count": 2
    },
    {
      "step": 6,
      "vertex": 3,
      "anchors": [
        4,
        5
      ],
      "states_in": 2,
      "states_out": 2,
      "failures": [
        {
          "state_index": 0,
          "vertex": 3,
          "anchors": [
            4,
            5
          ],
          "candidate": [
            "2.5",
            "0.8660254037844386467637231707529361834714"
          ],
          "reason": "collision_3_12"
        },
        {
          "state_index": 1,
          "vertex": 3,
          "anchors": [
            4,
            5
          ],
          "candidate": [
            "2.5",
            "-0.8660254037844386467637231707529361834714"
          ],
          "reason": "collision_3_12"
        }
      ],
      "failure_count": 2
    },
    {
      "step": 7,
      "vertex": 8,
      "anchors": [
        4,
        10
      ],
      "states_in": 2,
      "states_out": 0,
      "failures": [
        {
          "state_index": 0,
          "vertex": 8,
          "anchors": [
            4,
            10
          ],
          "candidate": [
            "1.5",
            "0.8660254037844386467637231707529361834714"
          ],
          "reason": "collision_8_5"
        },
        {
          "state_index": 1,
          "vertex": 8,
          "anchors": [
            4,
            10
          ],
          "candidate": [
            "1.5",
            "-0.8660254037844386467637231707529361834714"
          ],
          "reason": "collision_8_5"
        }
      ],
      "failure_count": 2
    }
  ],
  "source": "class_0081_e80",
  "n": 25,
  "edge_count": 80,
  "precision_digits": 100,
  "tolerance": "1e-40",
  "interpretation": "eliminated means all finite trilateration branches from the reported seed edge failed; survived means a numerically valid branch remains and needs exact/interval verification."
}