{
  "status": "eliminated",
  "seed_edge": [
    1,
    3
  ],
  "order": [
    [
      15,
      1,
      3
    ],
    [
      11,
      3,
      15
    ],
    [
      2,
      3,
      11
    ],
    [
      6,
      1,
      2
    ],
    [
      9,
      6,
      11
    ],
    [
      7,
      3,
      9
    ],
    [
      12,
      11,
      15
    ],
    [
      13,
      7,
      9
    ],
    [
      20,
      6,
      7
    ],
    [
      8,
      2,
      12
    ],
    [
      21,
      1,
      3
    ],
    [
      10,
      6,
      13
    ],
    [
      24,
      3,
      7
    ],
    [
      19,
      10,
      12
    ],
    [
      22,
      1,
      9
    ],
    [
      5,
      2,
      8
    ],
    [
      14,
      5,
      9
    ],
    [
      4,
      6,
      12
    ],
    [
      17,
      1,
      4
    ],
    [
      18,
      5,
      10
    ],
    [
      23,
      2,
      8
    ],
    [
      25,
      14,
      15
    ],
    [
      16,
      4,
      7
    ]
  ],
  "eliminated_at_step": 4,
  "max_width": 2,
  "eliminations": [
    {
      "step": 1,
      "vertex": 15,
      "anchors": [
        1,
        3
      ],
      "states_in": 1,
      "states_out": 2,
      "failures": [],
      "failure_count": 0
    },
    {
      "step": 2,
      "vertex": 11,
      "anchors": [
        3,
        15
      ],
      "states_in": 2,
      "states_out": 2,
      "failures": [
        {
          "state_index": 0,
          "vertex": 11,
          "anchors": [
            3,
            15
          ],
          "candidate": [
            "-7.143671195514218638848647176908380996574e-102",
            "0.0"
          ],
          "reason": "collision_11_1"
        },
        {
          "state_index": 1,
          "vertex": 11,
          "anchors": [
            3,
            15
          ],
          "candidate": [
            "-7.143671195514218638848647176908380996574e-102",
            "0.0"
          ],
          "reason": "collision_11_1"
        }
      ],
      "failure_count": 2
    },
    {
      "step": 3,
      "vertex": 2,
      "anchors": [
        3,
        11
      ],
      "states_in": 2,
      "states_out": 2,
      "failures": [
        {
          "state_index": 0,
          "vertex": 2,
          "anchors": [
            3,
            11
          ],
          "candidate": [
            "0.5",
            "0.8660254037844386467637231707529361834714"
          ],
          "reason": "collision_2_15"
        },
        {
          "state_index": 1,
          "vertex": 2,
          "anchors": [
            3,
            11
          ],
          "candidate": [
            "0.5",
            "-0.8660254037844386467637231707529361834714"
          ],
          "reason": "collision_2_15"
        }
      ],
      "failure_count": 2
    },
    {
      "step": 4,
      "vertex": 6,
      "anchors": [
        1,
        2
      ],
      "states_in": 2,
      "states_out": 0,
      "failures": [
        {
          "state_index": 0,
          "vertex": 6,
          "anchors": [
            1,
            2
          ],
          "candidate": [
            "1.0",
            "0.0"
          ],
          "reason": "collision_6_3"
        },
        {
          "state_index": 1,
          "vertex": 6,
          "anchors": [
            1,
            2
          ],
          "candidate": [
            "1.0",
            "0.0"
          ],
          "reason": "collision_6_3"
        }
      ],
      "failure_count": 2
    }
  ],
  "source": "class_0101_e80",
  "n": 25,
  "edge_count": 80,
  "precision_digits": 100,
  "tolerance": "1e-40",
  "interpretation": "eliminated means all finite trilateration branches from the reported seed edge failed; survived means a numerically valid branch remains and needs exact/interval verification."
}