{
  "status": "eliminated",
  "seed_edge": [
    1,
    2
  ],
  "order": [
    [
      17,
      1,
      2
    ],
    [
      22,
      2,
      17
    ],
    [
      7,
      2,
      22
    ],
    [
      21,
      1,
      7
    ],
    [
      12,
      21,
      22
    ],
    [
      10,
      2,
      12
    ],
    [
      13,
      1,
      10
    ],
    [
      5,
      7,
      13
    ],
    [
      14,
      5,
      12
    ],
    [
      15,
      2,
      10
    ],
    [
      6,
      13,
      15
    ],
    [
      9,
      6,
      15
    ],
    [
      20,
      5,
      9
    ],
    [
      4,
      5,
      17
    ],
    [
      18,
      1,
      4
    ],
    [
      23,
      2,
      4
    ],
    [
      8,
      4,
      12
    ],
    [
      19,
      1,
      8
    ],
    [
      24,
      7,
      8
    ],
    [
      25,
      6,
      8
    ],
    [
      3,
      9,
      17
    ],
    [
      11,
      3,
      4
    ],
    [
      16,
      3,
      7
    ]
  ],
  "eliminated_at_step": 4,
  "max_width": 2,
  "eliminations": [
    {
      "step": 1,
      "vertex": 17,
      "anchors": [
        1,
        2
      ],
      "states_in": 1,
      "states_out": 2,
      "failures": [],
      "failure_count": 0
    },
    {
      "step": 2,
      "vertex": 22,
      "anchors": [
        2,
        17
      ],
      "states_in": 2,
      "states_out": 2,
      "failures": [
        {
          "state_index": 0,
          "vertex": 22,
          "anchors": [
            2,
            17
          ],
          "candidate": [
            "-7.143671195514218638848647176908380996574e-102",
            "0.0"
          ],
          "reason": "collision_22_1"
        },
        {
          "state_index": 1,
          "vertex": 22,
          "anchors": [
            2,
            17
          ],
          "candidate": [
            "-7.143671195514218638848647176908380996574e-102",
            "0.0"
          ],
          "reason": "collision_22_1"
        }
      ],
      "failure_count": 2
    },
    {
      "step": 3,
      "vertex": 7,
      "anchors": [
        2,
        22
      ],
      "states_in": 2,
      "states_out": 2,
      "failures": [
        {
          "state_index": 0,
          "vertex": 7,
          "anchors": [
            2,
            22
          ],
          "candidate": [
            "0.5",
            "0.8660254037844386467637231707529361834714"
          ],
          "reason": "collision_7_17"
        },
        {
          "state_index": 1,
          "vertex": 7,
          "anchors": [
            2,
            22
          ],
          "candidate": [
            "0.5",
            "-0.8660254037844386467637231707529361834714"
          ],
          "reason": "collision_7_17"
        }
      ],
      "failure_count": 2
    },
    {
      "step": 4,
      "vertex": 21,
      "anchors": [
        1,
        7
      ],
      "states_in": 2,
      "states_out": 0,
      "failures": [
        {
          "state_index": 0,
          "vertex": 21,
          "anchors": [
            1,
            7
          ],
          "candidate": [
            "1.0",
            "0.0"
          ],
          "reason": "collision_21_2"
        },
        {
          "state_index": 1,
          "vertex": 21,
          "anchors": [
            1,
            7
          ],
          "candidate": [
            "1.0",
            "0.0"
          ],
          "reason": "collision_21_2"
        }
      ],
      "failure_count": 2
    }
  ],
  "source": "class_0369_e79",
  "n": 25,
  "edge_count": 79,
  "precision_digits": 100,
  "tolerance": "1e-40",
  "interpretation": "eliminated means all finite trilateration branches from the reported seed edge failed; survived means a numerically valid branch remains and needs exact/interval verification."
}