{
  "status": "eliminated",
  "seed_edge": [
    1,
    12
  ],
  "order": [
    [
      16,
      1,
      12
    ],
    [
      17,
      1,
      12
    ],
    [
      2,
      12,
      17
    ],
    [
      23,
      2,
      16
    ],
    [
      3,
      2,
      23
    ],
    [
      20,
      3,
      16
    ],
    [
      4,
      17,
      20
    ],
    [
      9,
      1,
      4
    ],
    [
      5,
      2,
      9
    ],
    [
      6,
      4,
      5
    ],
    [
      13,
      3,
      6
    ],
    [
      14,
      1,
      5
    ],
    [
      22,
      4,
      6
    ],
    [
      7,
      2,
      5
    ],
    [
      18,
      7,
      14
    ],
    [
      25,
      7,
      12
    ],
    [
      19,
      1,
      3
    ],
    [
      10,
      14,
      18
    ],
    [
      24,
      4,
      10
    ],
    [
      21,
      5,
      6
    ],
    [
      8,
      16,
      18
    ],
    [
      11,
      3,
      8
    ],
    [
      15,
      2,
      4
    ]
  ],
  "eliminated_at_step": 4,
  "max_width": 2,
  "eliminations": [
    {
      "step": 1,
      "vertex": 16,
      "anchors": [
        1,
        12
      ],
      "states_in": 1,
      "states_out": 2,
      "failures": [],
      "failure_count": 0
    },
    {
      "step": 2,
      "vertex": 17,
      "anchors": [
        1,
        12
      ],
      "states_in": 2,
      "states_out": 2,
      "failures": [
        {
          "state_index": 0,
          "vertex": 17,
          "anchors": [
            1,
            12
          ],
          "candidate": [
            "0.5",
            "0.8660254037844386467637231707529361834714"
          ],
          "reason": "collision_17_16"
        },
        {
          "state_index": 1,
          "vertex": 17,
          "anchors": [
            1,
            12
          ],
          "candidate": [
            "0.5",
            "-0.8660254037844386467637231707529361834714"
          ],
          "reason": "collision_17_16"
        }
      ],
      "failure_count": 2
    },
    {
      "step": 3,
      "vertex": 2,
      "anchors": [
        12,
        17
      ],
      "states_in": 2,
      "states_out": 2,
      "failures": [
        {
          "state_index": 0,
          "vertex": 2,
          "anchors": [
            12,
            17
          ],
          "candidate": [
            "-7.143671195514218638848647176908380996574e-102",
            "0.0"
          ],
          "reason": "collision_2_1"
        },
        {
          "state_index": 1,
          "vertex": 2,
          "anchors": [
            12,
            17
          ],
          "candidate": [
            "-7.143671195514218638848647176908380996574e-102",
            "0.0"
          ],
          "reason": "collision_2_1"
        }
      ],
      "failure_count": 2
    },
    {
      "step": 4,
      "vertex": 23,
      "anchors": [
        2,
        16
      ],
      "states_in": 2,
      "states_out": 0,
      "failures": [
        {
          "state_index": 0,
          "vertex": 23,
          "anchors": [
            2,
            16
          ],
          "candidate": [
            "1.0",
            "0.0"
          ],
          "reason": "collision_23_12"
        },
        {
          "state_index": 1,
          "vertex": 23,
          "anchors": [
            2,
            16
          ],
          "candidate": [
            "1.0",
            "0.0"
          ],
          "reason": "collision_23_12"
        }
      ],
      "failure_count": 2
    }
  ],
  "source": "class_0007_e81",
  "n": 25,
  "edge_count": 81,
  "precision_digits": 100,
  "tolerance": "1e-40",
  "interpretation": "eliminated means all finite trilateration branches from the reported seed edge failed; survived means a numerically valid branch remains and needs exact/interval verification."
}