{
  "status": "eliminated",
  "seed_edge": [
    1,
    3
  ],
  "order": [
    [
      15,
      1,
      3
    ],
    [
      9,
      3,
      15
    ],
    [
      18,
      3,
      9
    ],
    [
      21,
      9,
      15
    ],
    [
      22,
      1,
      18
    ],
    [
      5,
      18,
      22
    ],
    [
      13,
      1,
      5
    ],
    [
      2,
      5,
      9
    ],
    [
      12,
      2,
      5
    ],
    [
      6,
      2,
      3
    ],
    [
      4,
      6,
      13
    ],
    [
      17,
      2,
      4
    ],
    [
      7,
      3,
      12
    ],
    [
      11,
      1,
      4
    ],
    [
      23,
      1,
      2
    ],
    [
      24,
      1,
      11
    ],
    [
      14,
      7,
      12
    ],
    [
      25,
      4,
      14
    ],
    [
      10,
      21,
      22
    ],
    [
      19,
      2,
      6
    ],
    [
      16,
      1,
      2
    ],
    [
      20,
      4,
      11
    ],
    [
      8,
      5,
      10
    ]
  ],
  "eliminated_at_step": 5,
  "max_width": 2,
  "eliminations": [
    {
      "step": 1,
      "vertex": 15,
      "anchors": [
        1,
        3
      ],
      "states_in": 1,
      "states_out": 2,
      "failures": [],
      "failure_count": 0
    },
    {
      "step": 2,
      "vertex": 9,
      "anchors": [
        3,
        15
      ],
      "states_in": 2,
      "states_out": 2,
      "failures": [
        {
          "state_index": 0,
          "vertex": 9,
          "anchors": [
            3,
            15
          ],
          "candidate": [
            "-7.143671195514218638848647176908380996574e-102",
            "0.0"
          ],
          "reason": "collision_9_1"
        },
        {
          "state_index": 1,
          "vertex": 9,
          "anchors": [
            3,
            15
          ],
          "candidate": [
            "-7.143671195514218638848647176908380996574e-102",
            "0.0"
          ],
          "reason": "collision_9_1"
        }
      ],
      "failure_count": 2
    },
    {
      "step": 3,
      "vertex": 18,
      "anchors": [
        3,
        9
      ],
      "states_in": 2,
      "states_out": 2,
      "failures": [
        {
          "state_index": 0,
          "vertex": 18,
          "anchors": [
            3,
            9
          ],
          "candidate": [
            "0.5",
            "0.8660254037844386467637231707529361834714"
          ],
          "reason": "collision_18_15"
        },
        {
          "state_index": 1,
          "vertex": 18,
          "anchors": [
            3,
            9
          ],
          "candidate": [
            "0.5",
            "-0.8660254037844386467637231707529361834714"
          ],
          "reason": "collision_18_15"
        }
      ],
      "failure_count": 2
    },
    {
      "step": 4,
      "vertex": 21,
      "anchors": [
        9,
        15
      ],
      "states_in": 2,
      "states_out": 2,
      "failures": [
        {
          "state_index": 0,
          "vertex": 21,
          "anchors": [
            9,
            15
          ],
          "candidate": [
            "1.0",
            "0.0"
          ],
          "reason": "collision_21_3"
        },
        {
          "state_index": 1,
          "vertex": 21,
          "anchors": [
            9,
            15
          ],
          "candidate": [
            "1.0",
            "0.0"
          ],
          "reason": "collision_21_3"
        }
      ],
      "failure_count": 2
    },
    {
      "step": 5,
      "vertex": 22,
      "anchors": [
        1,
        18
      ],
      "states_in": 2,
      "states_out": 0,
      "failures": [
        {
          "state_index": 0,
          "vertex": 22,
          "anchors": [
            1,
            18
          ],
          "candidate": [
            "1.0",
            "0.0"
          ],
          "reason": "edge_22_21_error_2.0"
        },
        {
          "state_index": 1,
          "vertex": 22,
          "anchors": [
            1,
            18
          ],
          "candidate": [
            "1.0",
            "0.0"
          ],
          "reason": "edge_22_21_error_2.0"
        }
      ],
      "failure_count": 2
    }
  ],
  "source": "class_0329_e80",
  "n": 25,
  "edge_count": 80,
  "precision_digits": 100,
  "tolerance": "1e-40",
  "interpretation": "eliminated means all finite trilateration branches from the reported seed edge failed; survived means a numerically valid branch remains and needs exact/interval verification."
}