{
  "status": "eliminated",
  "seed_edge": [
    1,
    11
  ],
  "order": [
    [
      12,
      1,
      11
    ],
    [
      23,
      1,
      11
    ],
    [
      17,
      11,
      23
    ],
    [
      4,
      17,
      23
    ],
    [
      6,
      12,
      17
    ],
    [
      8,
      4,
      12
    ],
    [
      25,
      4,
      6
    ],
    [
      18,
      1,
      6
    ],
    [
      3,
      8,
      18
    ],
    [
      7,
      3,
      8
    ],
    [
      13,
      1,
      18
    ],
    [
      5,
      3,
      13
    ],
    [
      15,
      4,
      5
    ],
    [
      16,
      5,
      6
    ],
    [
      14,
      5,
      12
    ],
    [
      22,
      1,
      4
    ],
    [
      19,
      7,
      11
    ],
    [
      2,
      13,
      15
    ],
    [
      24,
      2,
      7
    ],
    [
      9,
      5,
      6
    ],
    [
      21,
      1,
      2
    ],
    [
      20,
      2,
      3
    ],
    [
      10,
      5,
      11
    ]
  ],
  "eliminated_at_step": 5,
  "max_width": 2,
  "eliminations": [
    {
      "step": 1,
      "vertex": 12,
      "anchors": [
        1,
        11
      ],
      "states_in": 1,
      "states_out": 2,
      "failures": [],
      "failure_count": 0
    },
    {
      "step": 2,
      "vertex": 23,
      "anchors": [
        1,
        11
      ],
      "states_in": 2,
      "states_out": 2,
      "failures": [
        {
          "state_index": 0,
          "vertex": 23,
          "anchors": [
            1,
            11
          ],
          "candidate": [
            "0.5",
            "0.8660254037844386467637231707529361834714"
          ],
          "reason": "collision_23_12"
        },
        {
          "state_index": 1,
          "vertex": 23,
          "anchors": [
            1,
            11
          ],
          "candidate": [
            "0.5",
            "-0.8660254037844386467637231707529361834714"
          ],
          "reason": "collision_23_12"
        }
      ],
      "failure_count": 2
    },
    {
      "step": 3,
      "vertex": 17,
      "anchors": [
        11,
        23
      ],
      "states_in": 2,
      "states_out": 2,
      "failures": [
        {
          "state_index": 0,
          "vertex": 17,
          "anchors": [
            11,
            23
          ],
          "candidate": [
            "-7.143671195514218638848647176908380996574e-102",
            "0.0"
          ],
          "reason": "collision_17_1"
        },
        {
          "state_index": 1,
          "vertex": 17,
          "anchors": [
            11,
            23
          ],
          "candidate": [
            "-7.143671195514218638848647176908380996574e-102",
            "0.0"
          ],
          "reason": "collision_17_1"
        }
      ],
      "failure_count": 2
    },
    {
      "step": 4,
      "vertex": 4,
      "anchors": [
        17,
        23
      ],
      "states_in": 2,
      "states_out": 2,
      "failures": [
        {
          "state_index": 0,
          "vertex": 4,
          "anchors": [
            17,
            23
          ],
          "candidate": [
            "1.0",
            "0.0"
          ],
          "reason": "collision_4_11"
        },
        {
          "state_index": 1,
          "vertex": 4,
          "anchors": [
            17,
            23
          ],
          "candidate": [
            "1.0",
            "0.0"
          ],
          "reason": "collision_4_11"
        }
      ],
      "failure_count": 2
    },
    {
      "step": 5,
      "vertex": 6,
      "anchors": [
        12,
        17
      ],
      "states_in": 2,
      "states_out": 0,
      "failures": [
        {
          "state_index": 0,
          "vertex": 6,
          "anchors": [
            12,
            17
          ],
          "candidate": [
            "1.0",
            "0.0"
          ],
          "reason": "collision_6_11"
        },
        {
          "state_index": 1,
          "vertex": 6,
          "anchors": [
            12,
            17
          ],
          "candidate": [
            "1.0",
            "0.0"
          ],
          "reason": "collision_6_11"
        }
      ],
      "failure_count": 2
    }
  ],
  "source": "class_0252_e80",
  "n": 25,
  "edge_count": 80,
  "precision_digits": 100,
  "tolerance": "1e-40",
  "interpretation": "eliminated means all finite trilateration branches from the reported seed edge failed; survived means a numerically valid branch remains and needs exact/interval verification."
}