{
  "status": "eliminated",
  "seed_edge": [
    1,
    6
  ],
  "order": [
    [
      15,
      1,
      6
    ],
    [
      13,
      6,
      15
    ],
    [
      5,
      6,
      13
    ],
    [
      22,
      1,
      5
    ],
    [
      4,
      13,
      22
    ],
    [
      11,
      1,
      4
    ],
    [
      17,
      4,
      15
    ],
    [
      2,
      15,
      17
    ],
    [
      7,
      1,
      2
    ],
    [
      14,
      2,
      6
    ],
    [
      21,
      6,
      14
    ],
    [
      8,
      5,
      17
    ],
    [
      19,
      1,
      7
    ],
    [
      9,
      2,
      5
    ],
    [
      16,
      4,
      13
    ],
    [
      23,
      9,
      11
    ],
    [
      20,
      11,
      15
    ],
    [
      24,
      5,
      7
    ],
    [
      3,
      15,
      17
    ],
    [
      10,
      1,
      3
    ],
    [
      12,
      7,
      8
    ],
    [
      18,
      2,
      10
    ],
    [
      25,
      3,
      9
    ]
  ],
  "eliminated_at_step": 4,
  "max_width": 2,
  "eliminations": [
    {
      "step": 1,
      "vertex": 15,
      "anchors": [
        1,
        6
      ],
      "states_in": 1,
      "states_out": 2,
      "failures": [],
      "failure_count": 0
    },
    {
      "step": 2,
      "vertex": 13,
      "anchors": [
        6,
        15
      ],
      "states_in": 2,
      "states_out": 2,
      "failures": [
        {
          "state_index": 0,
          "vertex": 13,
          "anchors": [
            6,
            15
          ],
          "candidate": [
            "-7.143671195514218638848647176908380996574e-102",
            "0.0"
          ],
          "reason": "collision_13_1"
        },
        {
          "state_index": 1,
          "vertex": 13,
          "anchors": [
            6,
            15
          ],
          "candidate": [
            "-7.143671195514218638848647176908380996574e-102",
            "0.0"
          ],
          "reason": "collision_13_1"
        }
      ],
      "failure_count": 2
    },
    {
      "step": 3,
      "vertex": 5,
      "anchors": [
        6,
        13
      ],
      "states_in": 2,
      "states_out": 2,
      "failures": [
        {
          "state_index": 0,
          "vertex": 5,
          "anchors": [
            6,
            13
          ],
          "candidate": [
            "0.5",
            "0.8660254037844386467637231707529361834714"
          ],
          "reason": "collision_5_15"
        },
        {
          "state_index": 1,
          "vertex": 5,
          "anchors": [
            6,
            13
          ],
          "candidate": [
            "0.5",
            "-0.8660254037844386467637231707529361834714"
          ],
          "reason": "collision_5_15"
        }
      ],
      "failure_count": 2
    },
    {
      "step": 4,
      "vertex": 22,
      "anchors": [
        1,
        5
      ],
      "states_in": 2,
      "states_out": 0,
      "failures": [
        {
          "state_index": 0,
          "vertex": 22,
          "anchors": [
            1,
            5
          ],
          "candidate": [
            "1.0",
            "0.0"
          ],
          "reason": "collision_22_6"
        },
        {
          "state_index": 1,
          "vertex": 22,
          "anchors": [
            1,
            5
          ],
          "candidate": [
            "1.0",
            "0.0"
          ],
          "reason": "collision_22_6"
        }
      ],
      "failure_count": 2
    }
  ],
  "source": "class_0391_e79",
  "n": 25,
  "edge_count": 79,
  "precision_digits": 100,
  "tolerance": "1e-40",
  "interpretation": "eliminated means all finite trilateration branches from the reported seed edge failed; survived means a numerically valid branch remains and needs exact/interval verification."
}