{
  "status": "eliminated",
  "seed_edge": [
    1,
    10
  ],
  "order": [
    [
      18,
      1,
      10
    ],
    [
      17,
      10,
      18
    ],
    [
      8,
      10,
      17
    ],
    [
      7,
      1,
      8
    ],
    [
      13,
      7,
      8
    ],
    [
      3,
      10,
      13
    ],
    [
      6,
      13,
      18
    ],
    [
      15,
      3,
      6
    ],
    [
      23,
      6,
      7
    ],
    [
      16,
      3,
      17
    ],
    [
      11,
      3,
      16
    ],
    [
      19,
      7,
      8
    ],
    [
      20,
      6,
      11
    ],
    [
      21,
      1,
      6
    ],
    [
      12,
      1,
      3
    ],
    [
      2,
      12,
      17
    ],
    [
      9,
      2,
      10
    ],
    [
      25,
      7,
      9
    ],
    [
      22,
      7,
      9
    ],
    [
      5,
      12,
      17
    ],
    [
      24,
      1,
      5
    ],
    [
      4,
      5,
      6
    ],
    [
      14,
      3,
      4
    ]
  ],
  "eliminated_at_step": 4,
  "max_width": 2,
  "eliminations": [
    {
      "step": 1,
      "vertex": 18,
      "anchors": [
        1,
        10
      ],
      "states_in": 1,
      "states_out": 2,
      "failures": [],
      "failure_count": 0
    },
    {
      "step": 2,
      "vertex": 17,
      "anchors": [
        10,
        18
      ],
      "states_in": 2,
      "states_out": 2,
      "failures": [
        {
          "state_index": 0,
          "vertex": 17,
          "anchors": [
            10,
            18
          ],
          "candidate": [
            "-7.143671195514218638848647176908380996574e-102",
            "0.0"
          ],
          "reason": "collision_17_1"
        },
        {
          "state_index": 1,
          "vertex": 17,
          "anchors": [
            10,
            18
          ],
          "candidate": [
            "-7.143671195514218638848647176908380996574e-102",
            "0.0"
          ],
          "reason": "collision_17_1"
        }
      ],
      "failure_count": 2
    },
    {
      "step": 3,
      "vertex": 8,
      "anchors": [
        10,
        17
      ],
      "states_in": 2,
      "states_out": 2,
      "failures": [
        {
          "state_index": 0,
          "vertex": 8,
          "anchors": [
            10,
            17
          ],
          "candidate": [
            "0.5",
            "0.8660254037844386467637231707529361834714"
          ],
          "reason": "collision_8_18"
        },
        {
          "state_index": 1,
          "vertex": 8,
          "anchors": [
            10,
            17
          ],
          "candidate": [
            "0.5",
            "-0.8660254037844386467637231707529361834714"
          ],
          "reason": "collision_8_18"
        }
      ],
      "failure_count": 2
    },
    {
      "step": 4,
      "vertex": 7,
      "anchors": [
        1,
        8
      ],
      "states_in": 2,
      "states_out": 0,
      "failures": [
        {
          "state_index": 0,
          "vertex": 7,
          "anchors": [
            1,
            8
          ],
          "candidate": [
            "1.0",
            "0.0"
          ],
          "reason": "collision_7_10"
        },
        {
          "state_index": 1,
          "vertex": 7,
          "anchors": [
            1,
            8
          ],
          "candidate": [
            "1.0",
            "0.0"
          ],
          "reason": "collision_7_10"
        }
      ],
      "failure_count": 2
    }
  ],
  "source": "class_0472_e79",
  "n": 25,
  "edge_count": 79,
  "precision_digits": 100,
  "tolerance": "1e-40",
  "interpretation": "eliminated means all finite trilateration branches from the reported seed edge failed; survived means a numerically valid branch remains and needs exact/interval verification."
}