{
  "status": "eliminated",
  "seed_edge": [
    1,
    3
  ],
  "order": [
    [
      22,
      1,
      3
    ],
    [
      4,
      3,
      22
    ],
    [
      18,
      3,
      4
    ],
    [
      17,
      1,
      18
    ],
    [
      6,
      17,
      18
    ],
    [
      2,
      4,
      6
    ],
    [
      11,
      1,
      2
    ],
    [
      7,
      2,
      4
    ],
    [
      5,
      7,
      11
    ],
    [
      12,
      1,
      7
    ],
    [
      10,
      5,
      12
    ],
    [
      21,
      10,
      12
    ],
    [
      9,
      2,
      4
    ],
    [
      13,
      2,
      6
    ],
    [
      19,
      7,
      13
    ],
    [
      20,
      9,
      11
    ],
    [
      14,
      3,
      11
    ],
    [
      15,
      3,
      13
    ],
    [
      16,
      5,
      13
    ],
    [
      23,
      4,
      7
    ],
    [
      8,
      6,
      10
    ],
    [
      24,
      1,
      3
    ],
    [
      25,
      8,
      16
    ]
  ],
  "eliminated_at_step": 4,
  "max_width": 2,
  "eliminations": [
    {
      "step": 1,
      "vertex": 22,
      "anchors": [
        1,
        3
      ],
      "states_in": 1,
      "states_out": 2,
      "failures": [],
      "failure_count": 0
    },
    {
      "step": 2,
      "vertex": 4,
      "anchors": [
        3,
        22
      ],
      "states_in": 2,
      "states_out": 2,
      "failures": [
        {
          "state_index": 0,
          "vertex": 4,
          "anchors": [
            3,
            22
          ],
          "candidate": [
            "-7.143671195514218638848647176908380996574e-102",
            "0.0"
          ],
          "reason": "collision_4_1"
        },
        {
          "state_index": 1,
          "vertex": 4,
          "anchors": [
            3,
            22
          ],
          "candidate": [
            "-7.143671195514218638848647176908380996574e-102",
            "0.0"
          ],
          "reason": "collision_4_1"
        }
      ],
      "failure_count": 2
    },
    {
      "step": 3,
      "vertex": 18,
      "anchors": [
        3,
        4
      ],
      "states_in": 2,
      "states_out": 2,
      "failures": [
        {
          "state_index": 0,
          "vertex": 18,
          "anchors": [
            3,
            4
          ],
          "candidate": [
            "0.5",
            "0.8660254037844386467637231707529361834714"
          ],
          "reason": "collision_18_22"
        },
        {
          "state_index": 1,
          "vertex": 18,
          "anchors": [
            3,
            4
          ],
          "candidate": [
            "0.5",
            "-0.8660254037844386467637231707529361834714"
          ],
          "reason": "collision_18_22"
        }
      ],
      "failure_count": 2
    },
    {
      "step": 4,
      "vertex": 17,
      "anchors": [
        1,
        18
      ],
      "states_in": 2,
      "states_out": 0,
      "failures": [
        {
          "state_index": 0,
          "vertex": 17,
          "anchors": [
            1,
            18
          ],
          "candidate": [
            "1.0",
            "0.0"
          ],
          "reason": "collision_17_3"
        },
        {
          "state_index": 1,
          "vertex": 17,
          "anchors": [
            1,
            18
          ],
          "candidate": [
            "1.0",
            "0.0"
          ],
          "reason": "collision_17_3"
        }
      ],
      "failure_count": 2
    }
  ],
  "source": "class_0127_e80",
  "n": 25,
  "edge_count": 80,
  "precision_digits": 100,
  "tolerance": "1e-40",
  "interpretation": "eliminated means all finite trilateration branches from the reported seed edge failed; survived means a numerically valid branch remains and needs exact/interval verification."
}