{
  "status": "eliminated",
  "seed_edge": [
    1,
    2
  ],
  "order": [
    [
      11,
      1,
      2
    ],
    [
      23,
      1,
      2
    ],
    [
      14,
      2,
      23
    ],
    [
      8,
      11,
      14
    ],
    [
      4,
      8,
      14
    ],
    [
      5,
      1,
      4
    ],
    [
      19,
      5,
      8
    ],
    [
      17,
      8,
      11
    ],
    [
      10,
      14,
      17
    ],
    [
      20,
      1,
      4
    ],
    [
      7,
      1,
      8
    ],
    [
      15,
      7,
      10
    ],
    [
      12,
      4,
      11
    ],
    [
      13,
      7,
      12
    ],
    [
      25,
      5,
      10
    ],
    [
      21,
      2,
      12
    ],
    [
      3,
      5,
      10
    ],
    [
      6,
      3,
      7
    ],
    [
      24,
      1,
      3
    ],
    [
      9,
      4,
      13
    ],
    [
      18,
      6,
      9
    ],
    [
      22,
      2,
      9
    ],
    [
      16,
      3,
      7
    ]
  ],
  "eliminated_at_step": 4,
  "max_width": 2,
  "eliminations": [
    {
      "step": 1,
      "vertex": 11,
      "anchors": [
        1,
        2
      ],
      "states_in": 1,
      "states_out": 2,
      "failures": [],
      "failure_count": 0
    },
    {
      "step": 2,
      "vertex": 23,
      "anchors": [
        1,
        2
      ],
      "states_in": 2,
      "states_out": 2,
      "failures": [
        {
          "state_index": 0,
          "vertex": 23,
          "anchors": [
            1,
            2
          ],
          "candidate": [
            "0.5",
            "0.8660254037844386467637231707529361834714"
          ],
          "reason": "collision_23_11"
        },
        {
          "state_index": 1,
          "vertex": 23,
          "anchors": [
            1,
            2
          ],
          "candidate": [
            "0.5",
            "-0.8660254037844386467637231707529361834714"
          ],
          "reason": "collision_23_11"
        }
      ],
      "failure_count": 2
    },
    {
      "step": 3,
      "vertex": 14,
      "anchors": [
        2,
        23
      ],
      "states_in": 2,
      "states_out": 2,
      "failures": [
        {
          "state_index": 0,
          "vertex": 14,
          "anchors": [
            2,
            23
          ],
          "candidate": [
            "-7.143671195514218638848647176908380996574e-102",
            "0.0"
          ],
          "reason": "collision_14_1"
        },
        {
          "state_index": 1,
          "vertex": 14,
          "anchors": [
            2,
            23
          ],
          "candidate": [
            "-7.143671195514218638848647176908380996574e-102",
            "0.0"
          ],
          "reason": "collision_14_1"
        }
      ],
      "failure_count": 2
    },
    {
      "step": 4,
      "vertex": 8,
      "anchors": [
        11,
        14
      ],
      "states_in": 2,
      "states_out": 0,
      "failures": [
        {
          "state_index": 0,
          "vertex": 8,
          "anchors": [
            11,
            14
          ],
          "candidate": [
            "1.0",
            "0.0"
          ],
          "reason": "collision_8_2"
        },
        {
          "state_index": 1,
          "vertex": 8,
          "anchors": [
            11,
            14
          ],
          "candidate": [
            "1.0",
            "0.0"
          ],
          "reason": "collision_8_2"
        }
      ],
      "failure_count": 2
    }
  ],
  "source": "class_0136_e80",
  "n": 25,
  "edge_count": 80,
  "precision_digits": 100,
  "tolerance": "1e-40",
  "interpretation": "eliminated means all finite trilateration branches from the reported seed edge failed; survived means a numerically valid branch remains and needs exact/interval verification."
}