{
  "status": "eliminated",
  "seed_edge": [
    1,
    16
  ],
  "order": [
    [
      18,
      1,
      16
    ],
    [
      19,
      1,
      16
    ],
    [
      17,
      16,
      19
    ],
    [
      6,
      17,
      18
    ],
    [
      7,
      6,
      18
    ],
    [
      21,
      1,
      7
    ],
    [
      25,
      6,
      17
    ],
    [
      4,
      21,
      25
    ],
    [
      9,
      4,
      6
    ],
    [
      12,
      4,
      16
    ],
    [
      24,
      1,
      6
    ],
    [
      5,
      12,
      19
    ],
    [
      11,
      5,
      7
    ],
    [
      13,
      4,
      9
    ],
    [
      15,
      5,
      11
    ],
    [
      22,
      1,
      4
    ],
    [
      10,
      13,
      17
    ],
    [
      14,
      5,
      7
    ],
    [
      2,
      10,
      15
    ],
    [
      3,
      10,
      12
    ],
    [
      8,
      2,
      3
    ],
    [
      23,
      2,
      4
    ],
    [
      20,
      2,
      6
    ]
  ],
  "eliminated_at_step": 4,
  "max_width": 2,
  "eliminations": [
    {
      "step": 1,
      "vertex": 18,
      "anchors": [
        1,
        16
      ],
      "states_in": 1,
      "states_out": 2,
      "failures": [],
      "failure_count": 0
    },
    {
      "step": 2,
      "vertex": 19,
      "anchors": [
        1,
        16
      ],
      "states_in": 2,
      "states_out": 2,
      "failures": [
        {
          "state_index": 0,
          "vertex": 19,
          "anchors": [
            1,
            16
          ],
          "candidate": [
            "0.5",
            "0.8660254037844386467637231707529361834714"
          ],
          "reason": "collision_19_18"
        },
        {
          "state_index": 1,
          "vertex": 19,
          "anchors": [
            1,
            16
          ],
          "candidate": [
            "0.5",
            "-0.8660254037844386467637231707529361834714"
          ],
          "reason": "collision_19_18"
        }
      ],
      "failure_count": 2
    },
    {
      "step": 3,
      "vertex": 17,
      "anchors": [
        16,
        19
      ],
      "states_in": 2,
      "states_out": 2,
      "failures": [
        {
          "state_index": 0,
          "vertex": 17,
          "anchors": [
            16,
            19
          ],
          "candidate": [
            "-7.143671195514218638848647176908380996574e-102",
            "0.0"
          ],
          "reason": "collision_17_1"
        },
        {
          "state_index": 1,
          "vertex": 17,
          "anchors": [
            16,
            19
          ],
          "candidate": [
            "-7.143671195514218638848647176908380996574e-102",
            "0.0"
          ],
          "reason": "collision_17_1"
        }
      ],
      "failure_count": 2
    },
    {
      "step": 4,
      "vertex": 6,
      "anchors": [
        17,
        18
      ],
      "states_in": 2,
      "states_out": 0,
      "failures": [
        {
          "state_index": 0,
          "vertex": 6,
          "anchors": [
            17,
            18
          ],
          "candidate": [
            "1.0",
            "0.0"
          ],
          "reason": "collision_6_16"
        },
        {
          "state_index": 1,
          "vertex": 6,
          "anchors": [
            17,
            18
          ],
          "candidate": [
            "1.0",
            "0.0"
          ],
          "reason": "collision_6_16"
        }
      ],
      "failure_count": 2
    }
  ],
  "source": "class_0276_e80",
  "n": 25,
  "edge_count": 80,
  "precision_digits": 100,
  "tolerance": "1e-40",
  "interpretation": "eliminated means all finite trilateration branches from the reported seed edge failed; survived means a numerically valid branch remains and needs exact/interval verification."
}