{
  "status": "eliminated",
  "seed_edge": [
    1,
    18
  ],
  "order": [
    [
      22,
      1,
      18
    ],
    [
      19,
      18,
      22
    ],
    [
      12,
      18,
      19
    ],
    [
      2,
      12,
      19
    ],
    [
      5,
      1,
      12
    ],
    [
      8,
      1,
      2
    ],
    [
      3,
      5,
      12
    ],
    [
      23,
      3,
      8
    ],
    [
      7,
      18,
      23
    ],
    [
      17,
      3,
      7
    ],
    [
      20,
      2,
      7
    ],
    [
      9,
      5,
      7
    ],
    [
      10,
      8,
      20
    ],
    [
      16,
      5,
      9
    ],
    [
      21,
      3,
      10
    ],
    [
      25,
      2,
      7
    ],
    [
      11,
      1,
      3
    ],
    [
      4,
      7,
      10
    ],
    [
      14,
      1,
      2
    ],
    [
      6,
      4,
      12
    ],
    [
      13,
      6,
      8
    ],
    [
      24,
      6,
      9
    ],
    [
      15,
      9,
      19
    ]
  ],
  "eliminated_at_step": 5,
  "max_width": 2,
  "eliminations": [
    {
      "step": 1,
      "vertex": 22,
      "anchors": [
        1,
        18
      ],
      "states_in": 1,
      "states_out": 2,
      "failures": [],
      "failure_count": 0
    },
    {
      "step": 2,
      "vertex": 19,
      "anchors": [
        18,
        22
      ],
      "states_in": 2,
      "states_out": 2,
      "failures": [
        {
          "state_index": 0,
          "vertex": 19,
          "anchors": [
            18,
            22
          ],
          "candidate": [
            "-7.143671195514218638848647176908380996574e-102",
            "0.0"
          ],
          "reason": "collision_19_1"
        },
        {
          "state_index": 1,
          "vertex": 19,
          "anchors": [
            18,
            22
          ],
          "candidate": [
            "-7.143671195514218638848647176908380996574e-102",
            "0.0"
          ],
          "reason": "collision_19_1"
        }
      ],
      "failure_count": 2
    },
    {
      "step": 3,
      "vertex": 12,
      "anchors": [
        18,
        19
      ],
      "states_in": 2,
      "states_out": 2,
      "failures": [
        {
          "state_index": 0,
          "vertex": 12,
          "anchors": [
            18,
            19
          ],
          "candidate": [
            "0.5",
            "0.8660254037844386467637231707529361834714"
          ],
          "reason": "collision_12_22"
        },
        {
          "state_index": 1,
          "vertex": 12,
          "anchors": [
            18,
            19
          ],
          "candidate": [
            "0.5",
            "-0.8660254037844386467637231707529361834714"
          ],
          "reason": "collision_12_22"
        }
      ],
      "failure_count": 2
    },
    {
      "step": 4,
      "vertex": 2,
      "anchors": [
        12,
        19
      ],
      "states_in": 2,
      "states_out": 2,
      "failures": [
        {
          "state_index": 0,
          "vertex": 2,
          "anchors": [
            12,
            19
          ],
          "candidate": [
            "1.0",
            "0.0"
          ],
          "reason": "collision_2_18"
        },
        {
          "state_index": 1,
          "vertex": 2,
          "anchors": [
            12,
            19
          ],
          "candidate": [
            "1.0",
            "0.0"
          ],
          "reason": "collision_2_18"
        }
      ],
      "failure_count": 2
    },
    {
      "step": 5,
      "vertex": 5,
      "anchors": [
        1,
        12
      ],
      "states_in": 2,
      "states_out": 0,
      "failures": [
        {
          "state_index": 0,
          "vertex": 5,
          "anchors": [
            1,
            12
          ],
          "candidate": [
            "1.0",
            "0.0"
          ],
          "reason": "collision_5_18"
        },
        {
          "state_index": 1,
          "vertex": 5,
          "anchors": [
            1,
            12
          ],
          "candidate": [
            "1.0",
            "0.0"
          ],
          "reason": "collision_5_18"
        }
      ],
      "failure_count": 2
    }
  ],
  "source": "class_0116_e80",
  "n": 25,
  "edge_count": 80,
  "precision_digits": 100,
  "tolerance": "1e-40",
  "interpretation": "eliminated means all finite trilateration branches from the reported seed edge failed; survived means a numerically valid branch remains and needs exact/interval verification."
}