{
  "status": "eliminated",
  "seed_edge": [
    1,
    2
  ],
  "order": [
    [
      4,
      1,
      2
    ],
    [
      13,
      2,
      4
    ],
    [
      20,
      1,
      2
    ],
    [
      7,
      1,
      20
    ],
    [
      18,
      7,
      13
    ],
    [
      9,
      13,
      18
    ],
    [
      12,
      9,
      13
    ],
    [
      15,
      1,
      9
    ],
    [
      14,
      12,
      15
    ],
    [
      10,
      7,
      14
    ],
    [
      16,
      2,
      15
    ],
    [
      24,
      4,
      14
    ],
    [
      21,
      7,
      10
    ],
    [
      22,
      2,
      12
    ],
    [
      3,
      9,
      10
    ],
    [
      6,
      3,
      16
    ],
    [
      11,
      3,
      14
    ],
    [
      25,
      1,
      3
    ],
    [
      23,
      1,
      6
    ],
    [
      17,
      4,
      6
    ],
    [
      19,
      2,
      10
    ],
    [
      8,
      7,
      11
    ],
    [
      5,
      4,
      6
    ]
  ],
  "eliminated_at_step": 5,
  "max_width": 2,
  "eliminations": [
    {
      "step": 1,
      "vertex": 4,
      "anchors": [
        1,
        2
      ],
      "states_in": 1,
      "states_out": 2,
      "failures": [],
      "failure_count": 0
    },
    {
      "step": 2,
      "vertex": 13,
      "anchors": [
        2,
        4
      ],
      "states_in": 2,
      "states_out": 2,
      "failures": [
        {
          "state_index": 0,
          "vertex": 13,
          "anchors": [
            2,
            4
          ],
          "candidate": [
            "-7.143671195514218638848647176908380996574e-102",
            "0.0"
          ],
          "reason": "collision_13_1"
        },
        {
          "state_index": 1,
          "vertex": 13,
          "anchors": [
            2,
            4
          ],
          "candidate": [
            "-7.143671195514218638848647176908380996574e-102",
            "0.0"
          ],
          "reason": "collision_13_1"
        }
      ],
      "failure_count": 2
    },
    {
      "step": 3,
      "vertex": 20,
      "anchors": [
        1,
        2
      ],
      "states_in": 2,
      "states_out": 2,
      "failures": [
        {
          "state_index": 0,
          "vertex": 20,
          "anchors": [
            1,
            2
          ],
          "candidate": [
            "0.5",
            "0.8660254037844386467637231707529361834714"
          ],
          "reason": "collision_20_4"
        },
        {
          "state_index": 1,
          "vertex": 20,
          "anchors": [
            1,
            2
          ],
          "candidate": [
            "0.5",
            "-0.8660254037844386467637231707529361834714"
          ],
          "reason": "collision_20_4"
        }
      ],
      "failure_count": 2
    },
    {
      "step": 4,
      "vertex": 7,
      "anchors": [
        1,
        20
      ],
      "states_in": 2,
      "states_out": 2,
      "failures": [
        {
          "state_index": 0,
          "vertex": 7,
          "anchors": [
            1,
            20
          ],
          "candidate": [
            "1.0",
            "0.0"
          ],
          "reason": "collision_7_2"
        },
        {
          "state_index": 1,
          "vertex": 7,
          "anchors": [
            1,
            20
          ],
          "candidate": [
            "1.0",
            "0.0"
          ],
          "reason": "collision_7_2"
        }
      ],
      "failure_count": 2
    },
    {
      "step": 5,
      "vertex": 18,
      "anchors": [
        7,
        13
      ],
      "states_in": 2,
      "states_out": 0,
      "failures": [
        {
          "state_index": 0,
          "vertex": 18,
          "anchors": [
            7,
            13
          ],
          "reason": "anchor_circles_do_not_intersect"
        },
        {
          "state_index": 1,
          "vertex": 18,
          "anchors": [
            7,
            13
          ],
          "reason": "anchor_circles_do_not_intersect"
        }
      ],
      "failure_count": 2
    }
  ],
  "source": "class_0204_e80",
  "n": 25,
  "edge_count": 80,
  "precision_digits": 100,
  "tolerance": "1e-40",
  "interpretation": "eliminated means all finite trilateration branches from the reported seed edge failed; survived means a numerically valid branch remains and needs exact/interval verification."
}