{
  "status": "eliminated",
  "seed_edge": [
    1,
    15
  ],
  "order": [
    [
      22,
      1,
      15
    ],
    [
      9,
      15,
      22
    ],
    [
      18,
      9,
      15
    ],
    [
      25,
      1,
      18
    ],
    [
      13,
      9,
      25
    ],
    [
      3,
      13,
      15
    ],
    [
      23,
      3,
      18
    ],
    [
      2,
      1,
      3
    ],
    [
      5,
      2,
      3
    ],
    [
      10,
      5,
      13
    ],
    [
      6,
      2,
      10
    ],
    [
      4,
      6,
      10
    ],
    [
      20,
      4,
      5
    ],
    [
      11,
      1,
      2
    ],
    [
      17,
      10,
      11
    ],
    [
      7,
      11,
      15
    ],
    [
      8,
      3,
      4
    ],
    [
      12,
      7,
      17
    ],
    [
      19,
      2,
      5
    ],
    [
      14,
      5,
      8
    ],
    [
      16,
      8,
      9
    ],
    [
      21,
      2,
      4
    ],
    [
      24,
      1,
      4
    ]
  ],
  "eliminated_at_step": 4,
  "max_width": 2,
  "eliminations": [
    {
      "step": 1,
      "vertex": 22,
      "anchors": [
        1,
        15
      ],
      "states_in": 1,
      "states_out": 2,
      "failures": [],
      "failure_count": 0
    },
    {
      "step": 2,
      "vertex": 9,
      "anchors": [
        15,
        22
      ],
      "states_in": 2,
      "states_out": 2,
      "failures": [
        {
          "state_index": 0,
          "vertex": 9,
          "anchors": [
            15,
            22
          ],
          "candidate": [
            "-7.143671195514218638848647176908380996574e-102",
            "0.0"
          ],
          "reason": "collision_9_1"
        },
        {
          "state_index": 1,
          "vertex": 9,
          "anchors": [
            15,
            22
          ],
          "candidate": [
            "-7.143671195514218638848647176908380996574e-102",
            "0.0"
          ],
          "reason": "collision_9_1"
        }
      ],
      "failure_count": 2
    },
    {
      "step": 3,
      "vertex": 18,
      "anchors": [
        9,
        15
      ],
      "states_in": 2,
      "states_out": 2,
      "failures": [
        {
          "state_index": 0,
          "vertex": 18,
          "anchors": [
            9,
            15
          ],
          "candidate": [
            "0.5",
            "0.8660254037844386467637231707529361834714"
          ],
          "reason": "collision_18_22"
        },
        {
          "state_index": 1,
          "vertex": 18,
          "anchors": [
            9,
            15
          ],
          "candidate": [
            "0.5",
            "-0.8660254037844386467637231707529361834714"
          ],
          "reason": "collision_18_22"
        }
      ],
      "failure_count": 2
    },
    {
      "step": 4,
      "vertex": 25,
      "anchors": [
        1,
        18
      ],
      "states_in": 2,
      "states_out": 0,
      "failures": [
        {
          "state_index": 0,
          "vertex": 25,
          "anchors": [
            1,
            18
          ],
          "candidate": [
            "1.0",
            "0.0"
          ],
          "reason": "collision_25_15"
        },
        {
          "state_index": 1,
          "vertex": 25,
          "anchors": [
            1,
            18
          ],
          "candidate": [
            "1.0",
            "0.0"
          ],
          "reason": "collision_25_15"
        }
      ],
      "failure_count": 2
    }
  ],
  "source": "class_0125_e80",
  "n": 25,
  "edge_count": 80,
  "precision_digits": 100,
  "tolerance": "1e-40",
  "interpretation": "eliminated means all finite trilateration branches from the reported seed edge failed; survived means a numerically valid branch remains and needs exact/interval verification."
}