{
  "status": "eliminated",
  "seed_edge": [
    1,
    2
  ],
  "order": [
    [
      4,
      1,
      2
    ],
    [
      20,
      2,
      4
    ],
    [
      21,
      1,
      2
    ],
    [
      11,
      20,
      21
    ],
    [
      8,
      11,
      20
    ],
    [
      9,
      8,
      21
    ],
    [
      12,
      4,
      9
    ],
    [
      19,
      11,
      12
    ],
    [
      10,
      11,
      12
    ],
    [
      15,
      4,
      10
    ],
    [
      18,
      2,
      9
    ],
    [
      3,
      2,
      18
    ],
    [
      22,
      1,
      3
    ],
    [
      13,
      1,
      8
    ],
    [
      24,
      8,
      12
    ],
    [
      17,
      1,
      10
    ],
    [
      14,
      9,
      15
    ],
    [
      25,
      3,
      11
    ],
    [
      5,
      14,
      19
    ],
    [
      7,
      4,
      12
    ],
    [
      16,
      5,
      7
    ],
    [
      6,
      3,
      7
    ],
    [
      23,
      2,
      3
    ]
  ],
  "eliminated_at_step": 4,
  "max_width": 2,
  "eliminations": [
    {
      "step": 1,
      "vertex": 4,
      "anchors": [
        1,
        2
      ],
      "states_in": 1,
      "states_out": 2,
      "failures": [],
      "failure_count": 0
    },
    {
      "step": 2,
      "vertex": 20,
      "anchors": [
        2,
        4
      ],
      "states_in": 2,
      "states_out": 2,
      "failures": [
        {
          "state_index": 0,
          "vertex": 20,
          "anchors": [
            2,
            4
          ],
          "candidate": [
            "-7.143671195514218638848647176908380996574e-102",
            "0.0"
          ],
          "reason": "collision_20_1"
        },
        {
          "state_index": 1,
          "vertex": 20,
          "anchors": [
            2,
            4
          ],
          "candidate": [
            "-7.143671195514218638848647176908380996574e-102",
            "0.0"
          ],
          "reason": "collision_20_1"
        }
      ],
      "failure_count": 2
    },
    {
      "step": 3,
      "vertex": 21,
      "anchors": [
        1,
        2
      ],
      "states_in": 2,
      "states_out": 2,
      "failures": [
        {
          "state_index": 0,
          "vertex": 21,
          "anchors": [
            1,
            2
          ],
          "candidate": [
            "0.5",
            "0.8660254037844386467637231707529361834714"
          ],
          "reason": "collision_21_4"
        },
        {
          "state_index": 1,
          "vertex": 21,
          "anchors": [
            1,
            2
          ],
          "candidate": [
            "0.5",
            "-0.8660254037844386467637231707529361834714"
          ],
          "reason": "collision_21_4"
        }
      ],
      "failure_count": 2
    },
    {
      "step": 4,
      "vertex": 11,
      "anchors": [
        20,
        21
      ],
      "states_in": 2,
      "states_out": 0,
      "failures": [
        {
          "state_index": 0,
          "vertex": 11,
          "anchors": [
            20,
            21
          ],
          "candidate": [
            "1.0",
            "0.0"
          ],
          "reason": "collision_11_2"
        },
        {
          "state_index": 1,
          "vertex": 11,
          "anchors": [
            20,
            21
          ],
          "candidate": [
            "1.0",
            "0.0"
          ],
          "reason": "collision_11_2"
        }
      ],
      "failure_count": 2
    }
  ],
  "source": "class_0122_e80",
  "n": 25,
  "edge_count": 80,
  "precision_digits": 100,
  "tolerance": "1e-40",
  "interpretation": "eliminated means all finite trilateration branches from the reported seed edge failed; survived means a numerically valid branch remains and needs exact/interval verification."
}