{
  "status": "eliminated",
  "seed_edge": [
    1,
    9
  ],
  "order": [
    [
      22,
      1,
      9
    ],
    [
      20,
      9,
      22
    ],
    [
      25,
      9,
      20
    ],
    [
      5,
      1,
      25
    ],
    [
      8,
      5,
      20
    ],
    [
      4,
      1,
      5
    ],
    [
      24,
      4,
      22
    ],
    [
      12,
      4,
      8
    ],
    [
      2,
      4,
      9
    ],
    [
      7,
      2,
      5
    ],
    [
      10,
      2,
      22
    ],
    [
      23,
      2,
      8
    ],
    [
      11,
      1,
      12
    ],
    [
      17,
      2,
      7
    ],
    [
      15,
      8,
      10
    ],
    [
      6,
      10,
      11
    ],
    [
      13,
      1,
      5
    ],
    [
      18,
      7,
      11
    ],
    [
      14,
      2,
      4
    ],
    [
      16,
      9,
      13
    ],
    [
      21,
      6,
      7
    ],
    [
      3,
      12,
      13
    ],
    [
      19,
      3,
      5
    ]
  ],
  "eliminated_at_step": 4,
  "max_width": 2,
  "eliminations": [
    {
      "step": 1,
      "vertex": 22,
      "anchors": [
        1,
        9
      ],
      "states_in": 1,
      "states_out": 2,
      "failures": [],
      "failure_count": 0
    },
    {
      "step": 2,
      "vertex": 20,
      "anchors": [
        9,
        22
      ],
      "states_in": 2,
      "states_out": 2,
      "failures": [
        {
          "state_index": 0,
          "vertex": 20,
          "anchors": [
            9,
            22
          ],
          "candidate": [
            "-7.143671195514218638848647176908380996574e-102",
            "0.0"
          ],
          "reason": "collision_20_1"
        },
        {
          "state_index": 1,
          "vertex": 20,
          "anchors": [
            9,
            22
          ],
          "candidate": [
            "-7.143671195514218638848647176908380996574e-102",
            "0.0"
          ],
          "reason": "collision_20_1"
        }
      ],
      "failure_count": 2
    },
    {
      "step": 3,
      "vertex": 25,
      "anchors": [
        9,
        20
      ],
      "states_in": 2,
      "states_out": 2,
      "failures": [
        {
          "state_index": 0,
          "vertex": 25,
          "anchors": [
            9,
            20
          ],
          "candidate": [
            "0.5",
            "0.8660254037844386467637231707529361834714"
          ],
          "reason": "collision_25_22"
        },
        {
          "state_index": 1,
          "vertex": 25,
          "anchors": [
            9,
            20
          ],
          "candidate": [
            "0.5",
            "-0.8660254037844386467637231707529361834714"
          ],
          "reason": "collision_25_22"
        }
      ],
      "failure_count": 2
    },
    {
      "step": 4,
      "vertex": 5,
      "anchors": [
        1,
        25
      ],
      "states_in": 2,
      "states_out": 0,
      "failures": [
        {
          "state_index": 0,
          "vertex": 5,
          "anchors": [
            1,
            25
          ],
          "candidate": [
            "1.0",
            "0.0"
          ],
          "reason": "collision_5_9"
        },
        {
          "state_index": 1,
          "vertex": 5,
          "anchors": [
            1,
            25
          ],
          "candidate": [
            "1.0",
            "0.0"
          ],
          "reason": "collision_5_9"
        }
      ],
      "failure_count": 2
    }
  ],
  "source": "non_trilaterable_augmented_forced_edges",
  "n": 25,
  "edge_count": 81,
  "precision_digits": 100,
  "tolerance": "1e-40",
  "interpretation": "eliminated means all finite trilateration branches from the reported seed edge failed; survived means a numerically valid branch remains and needs exact/interval verification."
}